TEXT,STAGE,STRANGE,GROUP,EMOTION,TRIGGER
"Слушай, я не хочу опять начинать, но ты снова оставил сковородку в раковине. Я просто устала приходить после работы и первым же делом что-то за кем-то домывать. Мне кажется, это просто элементарное неуважение к моему времени.",Предконфликтная,Низкая,Гнев,Раздражение,Быт
"Да замолчи ты уже, ради бога, ты слышишь только себя! Каждое слово — как попытка меня побольнее уколоть, и я просто не понимаю, зачем мы всё ещё это делаем. Если тебе так плохо со мной, просто уйди, дверь вон там!",Пик,Высокая,Гнев,Злость,Личность
"Я видела твой телефон, когда пришло уведомление, и это имя мне совсем не нравится. Ты клялся, что это в прошлом, но почему ты продолжаешь с ней общаться по ночам? Мне так страшно, что я снова ошибаюсь в тебе, и эта неопределенность меня просто убивает.",Инцидент,Средняя,Страх,Напряжение/Нервозность,Ревность
"Прости, что я так сорвалась вчера, я действительно была не в себе из-за проблем в офисе. Ты не заслужил тех слов, что я наговорила, и мне очень стыдно. Давай просто обнимемся, я так ценю твою поддержку и терпение.",Разрешение,Средняя,Социальные,Раскаяние,Внимание
"Опять твоя мама звонит в семь утра, чтобы рассказать, какие занавески нам нужно купить. Я уважаю твою семью, но это уже переходит все границы личного пространства. Пожалуйста, поговори с ней, иначе я просто перестану брать трубку и отвечать на её визиты.",Эскалация,Средняя,Гнев,Неодобрение,Родня
"Нам не обязательно сейчас это решать, давай просто поспим. Я чувствую, что мы оба на взводе и только наговорим лишнего. Завтра на свежую голову всё обсудим, хорошо? Сейчас я просто хочу тишины.",Предконфликтная,Низкая,Нейтральные,Нейтральность,Контроль
"Боже, я так рада, что мы наконец-то решили этот вопрос с ипотекой без криков. У меня прямо гора с плеч свалилась, честное слово. Я знала, что мы сможем договориться, если просто сядем и всё посчитаем.",Разрешение,Высокая,Позитив,Облегчение,Деньги
"Ты опять потратил все деньги на свои дурацкие игры, а нам через неделю платить за квартиру! Это просто верх эгоизма, я пашу как проклятая, а ты спускаешь всё на ерунду. Как мне вообще на тебя полагаться, если ты ведешь себя как подросток?",Эскалация,Высокая,Гнев,Злость,Деньги
"Я просто смотрю на тебя и не узнаю того человека, в которого влюбилась. Куда делась вся та нежность и забота, почему теперь только холод в глазах? Мне так не хватает твоего тепла, я чувствую себя абсолютно одинокой в этой квартире.",Инцидент,Средняя,Грусть,Горе/Грусть,Внимание
"Ты сегодня был таким классным с детьми, я видела, как они на тебя смотрят. Спасибо, что взял на себя этот вечер, мне это было очень нужно. Ты действительно потрясающий отец, и я горжусь, что мы вместе.",Разрешение,Средняя,Социальные,Признательность/Радость,Дети
"Я боюсь, что если я сейчас скажу правду, всё просто развалится. Ты так остро реагируешь на любую критику, что я предпочитаю просто молчать. Но это молчание копится внутри и скоро просто взорвется, я не знаю, сколько еще выдержу.",Предконфликтная,Средняя,Страх,Страх,Личность
"Какого черта ты вообще решаешь за меня, куда мне идти? Это моя жизнь, моя работа и мои друзья, я не нуждаюсь в твоем одобрении на каждый шаг! Твой контроль просто душит меня, дай мне хоть немного воздуха!",Пик,Высокая,Гнев,Злость,Контроль
"Мне так жаль, что я не заметил, как тебе было плохо в последнее время. Я был слишком занят своими проблемами и совсем забыл про твои чувства. Давай начнем сначала, я обещаю быть внимательнее к тебе и к тому, что тебя тревожит.",Разрешение,Средняя,Социальные,Эмпатия,Внимание
"Опять эта близость кажется какой-то обязанностью, а не желанием. Я чувствую, что ты просто выполняешь ритуал, а меня там нет. Это так больно и обидно, я не хочу просто механического процесса, мне нужна ты.",Инцидент,Средняя,Грусть,Обида,Секс
"Знаешь, я сегодня поняла, что наши ссоры из-за посуды — это такая мелочь по сравнению с тем, что мы есть друг у друга. Я просто хочу быть рядом, и всё остальное неважно. Давай просто не будем больше тратить время на эти глупости.",Разрешение,Средняя,Позитив,Осознание,Быт
"Почему ты постоянно защищаешь своих друзей, даже когда они явно неправы? Ты всегда на их стороне, а я чувствую себя каким-то приложением, которое можно игнорировать. Это заставляет меня сомневаться в том, насколько я для тебя важна.",Эскалация,Средняя,Грусть,Разочарование,Друзья
"Я просто не ожидал, что ты так спокойно отреагируешь на мою новость об увольнении. Ты даже не упрекнула меня ни разу, это так неожиданно и приятно. Твоя вера в меня дает мне силы двигаться дальше.",Разрешение,Средняя,Нейтральные,Удивление,Деньги
"Хватит меня спрашивать, где я и с кем, это уже похоже на допрос! Я не делаю ничего криминального, просто хочу провести время с подругами без твоего надзора. Если ты мне не доверяешь, то зачем мы вообще вместе?",Эскалация,Средняя,Гнев,Неодобрение,Контроль
"Я чувствую, что мы можем всё исправить, если действительно этого захотим. Давай просто попробуем сходить к психологу или хотя бы просто начнем разговаривать по вечерам. У нас есть шанс, и я очень хочу его использовать.",Разрешение,Низкая,Позитив,Оптимизм,Личность
"Ребенок плачет уже полчаса, а ты даже ухом не ведешь, сидишь в своих танках! Неужели тебе настолько наплевать на всё, что происходит в этом доме? Мне кажется, я одна тяну этот быт и воспитание, а ты просто гость.",Пик,Высокая,Гнев,Злость,Дети
"Я просто не понимаю, почему ты опять завел эту тему при твоих друзьях. Ты же знал, как мне это неприятно, но всё равно решил посмеяться над моими страхами. Мне теперь даже в глаза им смотреть не хочется.",Инцидент,Средняя,Грусть,Разочарование,Друзья
"Слушай, а давай на выходных просто отключим телефоны и уедем за город? Нам обоим нужно выдохнуть и просто побыть вдвоем, без всей этой суеты. Я очень по тебе соскучилась, по настоящему тебе.",Разрешение,Средняя,Позитив,Желание/Мотивация,Внимание
"Опять твои родственники решают, где мы будем отмечать праздник. Почему наше мнение всегда на втором плане, когда речь заходит о твоей семье? Я чувствую, что в этом браке нас не двое, а целый табор советчиков.",Предконфликтная,Средняя,Гнев,Неодобрение,Родня
"Ты такая красивая сегодня, я просто не могу оторвать глаз. Прости, что в последнее время редко это говорил, я просто закрутился на работе. Ты — лучшее, что случилось в моей жизни, и я это осознаю.",Разрешение,Высокая,Позитив,Любовь,Личность
"Я вижу, как ты смотришь на телефон каждый раз, когда он вибрирует. Ты стал таким скрытным, ставишь пароли, уходишь в другую комнату. Это убивает во мне всё доверие, я просто не знаю, как дальше с этим жить.",Эскалация,Высокая,Страх,Страх,Ревность
"Давай просто закажем пиццу и не будем спорить, кто сегодня готовит. У нас обоих был тяжелый день, и кухня — это последнее место, где я хочу сейчас оказаться. Главное, что мы дома и наконец-то можем просто посидеть рядом.",Разрешение,Низкая,Социальные,Одобрение,Быт
"Почему ты вечно меня перебиваешь, когда я пытаюсь рассказать что-то важное? Тебе кажется, что твои мысли всегда ценнее моих, и это просто унизительно. Я больше не хочу ничего обсуждать, раз тебе всё равно.",Инцидент,Средняя,Гнев,Раздражение,Личность
"Я так испугался за тебя, когда ты не брала трубку три часа. Столько мыслей дурацких в голову лезло, я уже не знал, что и думать. Слава богу, что ты в порядке, просто не делай так больше, пожалуйста.",Разрешение,Высокая,Позитив,Облегчение,Внимание
"Мне не нравится, как ты распоряжаешься нашими общими накоплениями без спроса. Это не твои личные деньги, а наши, и решения должны приниматься вместе. Я чувствую себя просто статистом в твоем финансовом планировании.",Предконфликтная,Низкая,Гнев,Неодобрение,Деньги
"Уходи, я не хочу тебя видеть, ты разрушил всё, что мы строили годами! Твоё вранье — это просто финиш, я больше ни единому твоему слову не поверю. Нам больше не о чем говорить, собирай вещи!",Пик,Высокая,Гнев,Злость,Ревность
"Я не знаю, как сказать... мне кажется, нам обоим стало скучно друг с другом. Мы просто существуем рядом, как соседи, и это пугает меня больше, чем любые скандалы. Может, нам стоит что-то изменить, пока не стало совсем поздно?",Предконфликтная,Средняя,Грусть,Обида,Личность
"Спасибо, что приготовил ужин, это было так вовремя и вкусно. Я действительно ценю, когда ты берешь на себя такие вещи без лишних просьб. С тобой я чувствую, что я не одна во всем этом бытовом круговороте.",Разрешение,Средняя,Позитив,Забота,Быт
"Ты опять пообещал детям, что пойдешь с ними в парк, и опять отменил всё в последний момент. Ты видишь их разочарованные лица? Ты не просто меня подводишь, ты им сердце разбиваешь своей необязательностью.",Эскалация,Высокая,Грусть,Разочарование,Дети
"Я просто хочу, чтобы ты меня обнял и сказал, что всё будет хорошо. У меня сегодня был ужасный день, и мне не нужны твои советы, мне нужно просто сочувствие. Пожалуйста, побудь со мной сейчас, мне это очень важно.",Инцидент,Средняя,Социальные,Эмпатия,Внимание
"Давай попробуем распределить бюджет так, чтобы у каждого были карманные деньги. Тогда мне не придется отчитываться за каждую покупку, а тебе — нервничать из-за расходов. Мне кажется, это честно и снимет кучу лишнего напряжения.",Разрешение,Низкая,Позитив,Оптимизм,Деньги
"Ты постоянно сравниваешь меня со своей матерью, и это просто невыносимо. Я — это я, и я не собираюсь готовить борщ по её рецепту или убираться так, как она. Прими меня такой, какая я есть, или живи с ней.",Эскалация,Высокая,Гнев,Раздражение,Родня
"Я так нервничаю перед этой встречей с твоим боссом, вдруг я скажу что-то не то? Мне очень важно произвести хорошее впечатление, ведь это важно для твоей карьеры. Просто держи меня за руку, мне так будет спокойнее.",Предконфликтная,Средняя,Страх,Напряжение/Нервозность,Контроль
"Прости, что я засомневалась в тебе, я просто очень боюсь тебя потерять. Твоя верность — это то, на чем держится мой мир, и иногда мои страхи берут верх над разумом. Я буду работать над собой, обещаю.",Разрешение,Средняя,Социальные,Раскаяние,Ревность
"Тебе всегда твои игры важнее, чем я, даже в постели ты не отрываешься от приставки. Я чувствую себя просто ненужной вещью, которая лежит рядом для мебели. Нам нужно серьезно поговорить о наших отношениях, потому что так дальше нельзя.",Инцидент,Средняя,Грусть,Обида,Секс
"Я сегодня поняла, что была слишком строга к тебе из-за того беспорядка. Ты ведь просто хотел отдохнуть после смены, и это нормально. Давай я помогу тебе, и мы быстро всё приберем вместе.",Разрешение,Низкая,Социальные,Осознание,Быт
"Ты опять сидишь в телефоне, пока я рассказываю, как прошел мой день. Мне кажется, я разговариваю с кирпичной стеной, и это уже становится нормой в нашем доме. Просто скажи, если тебе со мной скучно, я хотя бы буду знать правду.",Инцидент,Средняя,Грусть,Обида,Внимание
"С какой стати ты проверяешь мои расходы в приложении банка? Я взрослый человек и сама решаю, на что тратить свои заработанные деньги, это не твое дело. Твой тотальный контроль уже переходит все разумные границы, мне нечем дышать.",Эскалация,Высокая,Гнев,Злость,Контроль
"Знаешь, я тут подумал... ты была права насчет того отпуска, нам действительно нужно было сменить обстановку. Я зря упирался и спорил из-за бюджета, отдых того стоил. Спасибо, что настояла на своем, я чувствую себя намного лучше.",Разрешение,Низкая,Социальные,Осознание,Личность
"Опять твои друзья притащились без предупреждения, а у меня были планы на этот вечер. Я не обязана всех обслуживать и улыбаться, когда хочу просто полежать в тишине. Ты вообще учитываешь мои интересы или я просто часть интерьера?",Предконфликтная,Средняя,Гнев,Неодобрение,Друзья
"У меня сердце замирает каждый раз, когда ты начинаешь кричать на детей из-за какой-то ерунды. Они же маленькие, они тебя боятся, неужели ты этого не видишь? Пожалуйста, успокойся, ты сам на себя не похож в такие моменты.",Эскалация,Средняя,Страх,Напряжение/Нервозность,Дети
"Да мне плевать, что ты там себе напридумывал, я никуда не пойду в таком виде! Ты вечно критикуешь мою одежду, моих подруг, мою работу — да всё! Оставь меня в покое, я больше не хочу слушать твой бесконечный поток претензий!",Пик,Высокая,Гнев,Злость,Личность
"Мне так жаль, что я наговорил лишнего про твоих родителей, это было низко с моей стороны. Я просто вспылил из-за работы и сорвался на тебе, прости меня. Давай попробуем загладить это и пригласим их на обед в воскресенье?",Разрешение,Средняя,Социальные,Раскаяние,Родня
"Я чувствую, что между нами пропала какая-то искра, мы стали как соседи. Даже в постели всё стало каким-то механическим, без эмоций и нежности. Мне не хватает тебя прежнего, того, кто смотрел на меня с восхищением.",Инцидент,Средняя,Грусть,Разочарование,Секс
"Ты видела, сколько пришел счет за электричество в этом месяце? Если мы не начнем экономить, нам придется залезть в долги, а я этого очень не хочу. Давай как-то посерьезнее относиться к нашим тратам, это общая ответственность.",Предконфликтная,Низкая,Страх,Напряжение/Нервозность,Деньги
"Как же хорошо, что мы наконец-то просто поговорили без криков и обвинений. Я чувствую такую легкость, будто мы снова на одной волне и всё понимаем. Я люблю тебя, и я верю, что мы со всем справимся.",Разрешение,Высокая,Позитив,Облегчение,Личность
"Почему в раковине опять гора грязной посуды, хотя сегодня твоя очередь? Я весь день на ногах, прихожу домой и должна еще и за тобой убирать. Это просто свинство, у меня нет других слов, я просто в бешенстве.",Пик,Высокая,Гнев,Злость,Быт
"Мне кажется, ты слишком много времени уделяешь общению с тем коллегой в мессенджерах. Я не хочу показаться параноиком, но это выглядит странно, когда ты прячешь экран, если я подхожу. Это очень ранит моё доверие, правда.",Инцидент,Средняя,Страх,Страх,Ревность
"Спасибо, что поддержал меня перед своей мамой, это было очень важно. Я видела, как тебе было непросто, но ты выбрал меня, и это дорогого стоит. Я очень это ценю и постараюсь быть к ней мягче.",Разрешение,Средняя,Социальные,Признательность/Радость,Родня
"Опять ты просишь у меня деньги в долг, хотя прошлый раз еще не вернул. Мы же семья, но я не банк, мне тоже нужно на что-то рассчитывать. Давай обсудим твой подход к финансам, потому что это уже становится проблемой.",Предконфликтная,Средняя,Гнев,Неодобрение,Деньги
"Я просто не знаю, как еще до тебя достучаться, чтобы ты начал помогать мне с детьми. Я выжата как лимон, а ты приходишь и сразу ложишься на диван. Мне очень горько, что ты считаешь мои усилия чем-то само собой разумеющимся.",Эскалация,Средняя,Грусть,Горе/Грусть,Дети
"Прости, что я была такой колючей сегодня утром, просто не выспалась из-за работы. Ты ни в чем не виноват, и я зря на тебя набросилась из-за этой чашки. Давай вечером посмотрим какой-нибудь фильм вместе?",Разрешение,Низкая,Социальные,Эмпатия,Быт
"Ты опять пошел в бар с друзьями, хотя обещал, что мы сегодня сходим в кино. Для тебя твои пацаны всегда на первом месте, а я — так, подожду в сторонке. Я просто разочарована, в очередной раз убеждаюсь в твоих приоритетах.",Инцидент,Средняя,Грусть,Разочарование,Друзья
"Хватит меня допрашивать, почему я задержалась на десять минут! Я не в тюрьме и не обязана отчитываться за каждую секунду своего времени. Твое недоверие просто убивает всё желание возвращаться домой.",Эскалация,Высокая,Гнев,Раздражение,Контроль
"Мне так страшно, что мы можем расстаться из-за всех этих глупых ссор. Я не представляю свою жизнь без тебя, ты — мой мир, несмотря на все наши трудности. Пожалуйста, давай постараемся слышать друг друга чуть лучше.",Предконфликтная,Средняя,Страх,Страх,Личность
"Ты просто потрясающая в этой роли матери, я смотрю на тебя и восхищаюсь. Спасибо за твою заботу о нас и за то, какой уют ты создаешь в доме. Я очень тебя люблю и обещаю больше помогать тебе со всеми делами.",Разрешение,Высокая,Позитив,Любовь,Дети
"Почему ты никогда не спрашиваешь, чего хочу я, когда мы планируем выходные? Ты просто ставишь меня перед фактом: мы едем к твоим друзьям на дачу. Это эгоистично, и мне надоело быть просто твоей тенью.",Предконфликтная,Низкая,Гнев,Неодобрение,Внимание
"Я видел, как ты переписываешься с кем-то в три часа ночи, и это не похоже на работу. Хватит врать мне в лицо, я же вижу, как ты прячешь телефон под подушку. Если у тебя кто-то есть, просто скажи прямо, не делай из меня дурака!",Пик,Высокая,Гнев,Злость,Ревность
"Я сегодня поняла, что слишком много требовала от тебя в плане заработка. Ты и так делаешь всё возможное, и я ценю твое стремление обеспечить нашу семью. Давай просто будем экономнее, главное, что мы вместе.",Разрешение,Средняя,Социальные,Осознание,Деньги
"Ты опять критикуешь мою внешность, хотя знаешь, как я из-за этого комплексую. Тебе что, доставляет удовольствие делать мне больно и подрывать мою уверенность? Я чувствую себя просто никчемной рядом с тобой в такие моменты.",Инцидент,Средняя,Грусть,Обида,Личность
"Давай просто попробуем лечь спать пораньше и не будем сейчас выяснять отношения. Мы оба вымотаны, и этот разговор ни к чему хорошему не приведет, кроме новых обид. Я просто хочу тишины и твоего присутствия рядом.",Предконфликтная,Низкая,Нейтральные,Нейтральность,Внимание
"Это было так неожиданно — цветы без повода в обычный вторник! Ты заставил меня улыбнуться впервые за эту тяжелую неделю, спасибо тебе огромное. Я очень ценю такие моменты внимания, они значат для меня всё.",Разрешение,Средняя,Позитив,Признательность/Радость,Личность
"Твои постоянные придирки к тому, как я вожу машину, меня просто бесят! Если тебе так не нравится, садись сам за руль и не ной мне под ухо всю дорогу. У меня уже руки трясутся от твоего бесконечного контроля и советов.",Эскалация,Средняя,Гнев,Раздражение,Контроль
"Я боюсь, что наше финансовое положение станет причиной нашего разрыва. Мы постоянно ругаемся из-за каждой копейки, и это убивает всю романтику в отношениях. Мне страшно за наше будущее, я не вижу выхода из этого тупика.",Инцидент,Высокая,Страх,Страх,Деньги
"Прости за вчерашний скандал при твоих друзьях, я действительно переборщила. Мне не стоило выносить наш сор из избы, это было неправильно и глупо. Я надеюсь, ты сможешь меня простить, я очень дорожу твоим доверием.",Разрешение,Средняя,Социальные,Раскаяние,Друзья
"Опять ты не берешь трубку, когда я звоню узнать, во сколько ты будешь дома. Я же не для контроля звоню, а чтобы понять, когда ужин греть или когда детей укладывать. Твое игнорирование меня просто выводит из себя.",Предконфликтная,Низкая,Гнев,Раздражение,Быт
"Почему ты никогда не хочешь меня просто выслушать, не предлагая сразу десять способов решения проблемы? Мне нужно сочувствие, а не инструкция по применению, неужели это так сложно понять? Я чувствую, что мои чувства для тебя — просто задача, которую надо закрыть.",Инцидент,Средняя,Грусть,Обида,Личность
"Какого черта ты пригласила свою сестру пожить у нас неделю, даже не спросив меня?! Это наш общий дом, и я имею право голоса в таких вопросах, это просто неуважение. Я не собираюсь терпеть посторонних людей здесь без моего согласия!",Пик,Высокая,Гнев,Злость,Родня
"Я так рад, что мы смогли договориться о разделении домашних обязанностей. Теперь мне намного понятнее, что делать, и я не чувствую себя виноватым за то, что чего-то не заметил. Давай придерживаться этого плана, это действительно помогает.",Разрешение,Низкая,Позитив,Оптимизм,Быт
"У меня такое чувство, что ты меня совсем не хочешь в последнее время. Ты всегда находишь отговорки — то устал, то голова болит, то завтра рано вставать. Это заставляет меня чувствовать себя непривлекательной и отвергнутой.",Эскалация,Средняя,Грусть,Разочарование,Секс
"Знаешь, я сегодня понял, как много ты делаешь для наших детей, пока я на работе. Я видел, как ты терпеливо объясняла им уроки, и это меня тронуло до глубины души. Спасибо тебе за твое безграничное терпение и любовь к нашей семье.",Разрешение,Средняя,Социальные,Эмпатия,Дети
"Опять ты потратил деньги на какую-то ерунду, хотя мы копим на ремонт. Тебе вообще наплевать на наши общие цели, ты живешь только сегодняшним днем и своими хотелками. Я просто в отчаянии от твоей финансовой незрелости.",Инцидент,Средняя,Гнев,Неодобрение,Деньги
"Я так волнуюсь из-за того, что ты стал поздно возвращаться и пахнуть чужими духами. Не говори, что мне это кажется, я не сошла с ума и всё чувствую. Это ожидание признания в измене просто выматывает мне всю душу.",Эскалация,Высокая,Страх,Напряжение/Нервозность,Ревность
"Давай просто сегодня вечером закажем еду и не будем думать о грязной кухне. У нас был сумасшедший день, и мы заслужили просто отдых в обнимку перед телевизором. Главное, что мы рядом и всё остальное подождет.",Разрешение,Низкая,Позитив,Забота,Быт
"Твои друзья постоянно подшучивают надо мной, а ты сидишь и молчишь, будто так и надо. Мне неприятно это слышать, и мне вдвойне больнее, что ты меня не защищаешь. Ты вообще на чьей стороне в этой жизни?",Инцидент,Средняя,Гнев,Обида,Друзья
"Хватит лезть в мой телефон, я имею право на личную переписку! Твоя паранойя уже не знает границ, ты скоро будешь за мной в туалет ходить с проверкой. Оставь меня в покое, я не собираюсь перед тобой оправдываться за каждый лайк!",Пик,Высокая,Гнев,Злость,Контроль
"Я просто хочу, чтобы мы чаще проводили время без детей и обсуждения бытовых проблем. Давай хотя бы раз в неделю устраивать свидания, как в самом начале наших отношений. Я очень по тебе скучаю, по тому нам, которыми мы были.",Предконфликтная,Низкая,Позитив,Желание/Мотивация,Внимание
"Прости, что я забыл про твой корпоратив, я действительно зашился на проекте. Я чувствую себя ужасно из-за того, что подвел тебя и ты пошла одна. Обещаю исправиться и в следующие выходные отвезти тебя туда, куда ты захочешь.",Разрешение,Средняя,Социальные,Раскаяние,Личность
"Почему твоя мама считает нормальным приходить к нам без звонка и переставлять вещи в шкафу? Это мой дом, и я хочу чувствовать себя здесь хозяйкой, а не гостьей. Пожалуйста, установи границы, иначе я просто сменю замки!",Эскалация,Средняя,Гнев,Неодобрение,Родня
"Мне так страшно, что ты меня разлюбишь, если я не буду соответствовать твоим идеалам. Ты часто ставишь в пример других женщин, и это заставляет меня чувствовать себя неполноценной. Я просто хочу быть уверена, что ты любишь именно меня.",Инцидент,Средняя,Страх,Страх,Личность
"Какая же ты молодец, что смогла так спокойно разрешить конфликт с учителем нашего сына. Я бы точно сорвался, а ты проявила такую мудрость и такт, я горжусь тобой. Ты — сердце нашей семьи, и я очень тебя ценю.",Разрешение,Средняя,Социальные,Одобрение,Дети
"Опять ты не купил продукты по списку, который я тебе дала утром. Теперь мне придется самой идти в магазин после работы, хотя я планировала отдохнуть. Тебе вообще нельзя ничего поручить, ты вечно всё путаешь или забываешь.",Предконфликтная,Низкая,Гнев,Раздражение,Быт
"Я вижу, как ты холоден со мной в постели, и это разбивает мне сердце. Мы почти перестали заниматься сексом, и ты даже не хочешь это обсуждать, просто отворачиваешься. Мне кажется, я тебя больше не интересую как женщина, и это ужасно.",Инцидент,Средняя,Грусть,Горе/Грусть,Секс
"Да заткнись ты уже про свои деньги, я слышу это по сто раз на дню! Ты купил этот телевизор, а теперь попрекаешь меня каждой копейкой на еду. Забирай его себе и подавись, мне ничего от тебя не нужно, урод!",Пик,Высокая,Гнев,Злость,Деньги
"Я так рада, что мы наконец-то выбрали школу для дочери без слез и взаимных обвинений. Это большой шаг для нас, и я чувствую, что мы становимся мудрее как родители. Спасибо, что выслушал мои аргументы и поддержал меня.",Разрешение,Средняя,Позитив,Облегчение,Дети
"Мне не нравится, что ты постоянно обсуждаешь нашу личную жизнь со своими подругами. То, что происходит в этой спальне, должно оставаться только между нами, а не становиться достоянием общественности. Я чувствую себя преданным каждый раз, когда узнаю о твоих рассказах.",Предконфликтная,Средняя,Гнев,Неодобрение,Друзья
"Я чувствую, что мы тонем в бытовухе и совсем забыли, каково это — просто смеяться вместе. Давай сегодня вечером не будем обсуждать ремонт или школу, а просто вспомним наше первое свидание. Я так хочу снова почувствовать ту близость, которая у нас была.",Инцидент,Низкая,Позитив,Желание/Мотивация,Личность
"Прости за мою ревность, я знаю, что веду себя глупо и неоправданно. Просто ты такой замечательный, что мне всё время кажется, что кто-то может тебя увести. Я постараюсь больше доверять тебе и не устраивать сцен на пустом месте.",Разрешение,Средняя,Социальные,Раскаяние,Ревность
"Твоя манера контролировать каждый мой шаг меня просто убивает, я не могу даже за хлебом выйти без отчета. Ты постоянно звонишь, пишешь, спрашиваешь, с кем я и где — это не любовь, это тюрьма! Дай мне хоть немного личного пространства, если не хочешь, чтобы я сбежала.",Эскалация,Средняя,Гнев,Раздражение,Контроль
"Я так волновалась перед твоим выступлением, даже больше, чем ты сам. Но ты был просто на высоте, я знала, что у тебя всё получится! Поздравляю тебя с этим успехом, ты заслужил это как никто другой.",Разрешение,Средняя,Позитив,Признательность/Радость,Личность
"Опять ты пригласила своих родственников на праздники, даже не посоветовавшись со мной. Я хотел провести это время в тишине и покое, а теперь у нас будет полный дом людей. Ты никогда не думаешь о моем комфорте, только о том, что скажут другие.",Предконфликтная,Низкая,Гнев,Неодобрение,Родня
"Я просто не понимаю, почему ты стал так много пить в последнее время, это пугает меня. Ты становишься агрессивным, непредсказуемым, и я боюсь находиться с тобой в одной комнате. Пожалуйста, давай что-то с этим делать, пока не случилось беды.",Эскалация,Высокая,Страх,Напряжение/Нервозность,Личность
"Знаешь, я сегодня поняла, что была неправа, когда запрещала тебе видеться с друзьями. Тебе тоже нужен отдых и общение вне дома, я не должна была тебя ограничивать. Иди завтра с ними, а я проведу вечер за книгой, всё нормально.",Разрешение,Низкая,Социальные,Осознание,Друзья
"Почему ты никогда не берешь на себя инициативу в сексе, мне всегда приходится тебя упрашивать? Я чувствую себя каким-то попрошайкой, которому делают одолжение, и это очень унизительно. Неужели я тебе совсем больше не интересна как партнер?",Инцидент,Средняя,Грусть,Обида,Секс
"Убирайся вон и забирай свою кошку, я больше не хочу тебя знать! Ты врал мне целый год про свои долги, а теперь к нам приходят коллекторы. Это конец, я подаю на развод и больше не желаю слышать ни одного твоего оправдания!",Пик,Высокая,Гнев,Злость,Деньги
"Я так благодарен тебе за то, что ты была рядом в этот тяжелый период моей болезни. Твоя забота и терпение буквально поставили меня на ноги, я не знаю, что бы я делал без тебя. Я люблю тебя больше жизни и всегда буду помнить твою доброту.",Разрешение,Высокая,Позитив,Любовь,Личность
"Опять ты засунул мои шерстяные вещи в обычную стирку, они же сядут! Ну сколько раз я просила — просто оставь их в корзине, я сама разберусь. Теперь этот свитер только на куклу налезет, честное слово, руки опускаются.",Предконфликтная,Низкая,Гнев,Раздражение,Быт
"Ты всё время сидишь в этом чате с коллегами, даже когда мы ужинаем в ресторане. Я чувствую себя просто фоном для твоей бесконечной работы и переписок. Неужели тебе совсем не интересно, как прошел мой день и о чем я думаю?",Инцидент,Средняя,Грусть,Обида,Внимание
"Если ты еще раз возьмешь деньги из нашей «подушки безопасности» на свои запчасти без спроса, я заблокирую карту. Мы договаривались копить на отпуск, а ты ведешь себя как маленький ребенок, которому приспичило купить игрушку. Это просто предел безответственности!",Эскалация,Высокая,Гнев,Злость,Деньги
"Посмотри, до чего ты довел сына своими криками, он боится из комнаты выйти! Ты считаешь, что так воспитываешь мужчину, а на самом деле просто ломаешь ему психику. Уходи из дома, пока не придешь в себя, я не дам тебе над ним издеваться!",Пик,Высокая,Страх,Страх,Дети
"Слушай, я был неправ, когда сказал, что твоё хобби — это пустая трата времени. Я вижу, как у тебя горят глаза, и это на самом деле круто, что ты нашла себя в этом. Давай я помогу тебе обустроить уголок для творчества, я очень хочу тебя поддержать.",Разрешение,Средняя,Позитив,Одобрение,Личность
"Твои друзья опять собираются у нас в субботу, а я хотела просто выспаться и побыть в тишине. Почему ты всегда соглашаешься, даже не уточнив, какие у меня планы на выходные? Я чувствую, что моё мнение в этом доме вообще ничего не значит.",Предконфликтная,Средняя,Гнев,Неодобрение,Друзья
"Я случайно увидела сообщение от твоей мамы, где она снова проходится по моей внешности. И самое обидное, что ты ей ничего на это не ответил, просто проигнорировал. Тебе настолько всё равно, что твои близкие меня унижают?",Инцидент,Средняя,Грусть,Разочарование,Родня
"Да какая разница, кто первый начал, мы уже час орем друг на друга из-за какой-то фигни! У меня уже голова раскалывается, и я просто хочу, чтобы этот кошмар закончился. Почему мы не можем просто нормально поговорить, без этих ядовитых подколов?",Эскалация,Высокая,Гнев,Раздражение,Личность
"Забирай свои манатки и вали к той, с кем ты там переписывался всё это время! Я не собираюсь слушать твои жалкие оправдания про «просто общение» и «дружбу». Ты меня предал, и на этом наши отношения закончены, точка!",Пик,Высокая,Гнев,Злость,Ревность
"Мне стало так легко после нашего вчерашнего разговора по душам. Оказывается, мы оба просто боялись признаться в своих страхах и копили это внутри. Я так рада, что мы смогли это преодолеть, я очень тебя люблю.",Разрешение,Высокая,Позитив,Облегчение,Личность
"Почему ты опять поставил пароль на свой планшет, мы же договаривались о полной прозрачности? У меня сразу лезут в голову нехорошие мысли, и я начинаю нервничать. Пожалуйста, не давай мне повода для подозрений, мне и так тяжело доверять.",Предконфликтная,Средняя,Страх,Напряжение/Нервозность,Контроль
"Ты даже не заметил, что я сменила прическу и купила это платье специально для нашего вечера. Ты просто зашел, спросил, что на ужин, и уткнулся в телевизор. Иногда мне кажется, что я для тебя — просто часть мебели, которая всегда под рукой.",Инцидент,Средняя,Грусть,Обида,Внимание
"Хватит меня проверять и спрашивать, почему я задержалась в магазине на пять минут! Это уже паранойя какая-то, ты скоро заставишь меня геолокацию тебе скидывать в реальном времени. Я не твоя собственность, имей хоть каплю уважения к моему пространству!",Эскалация,Высокая,Гнев,Раздражение,Контроль
"Ты просто эгоист, который думает только о своем удовольствии, а на мои желания тебе плевать! Ты даже не пытаешься сделать так, чтобы мне тоже было хорошо в постели. Для тебя секс — это просто способ снять напряжение, а я здесь вообще ни при чем.",Пик,Высокая,Гнев,Злость,Секс
"Я долго думал и понял, что зря запрещал тебе ехать в ту поездку с подругами. Я просто испугался, что мы отдалимся, но это были мои внутренние проблемы, а не твоя вина. Поезжай, отдохни, тебе это правда нужно, а я буду тебя ждать.",Разрешение,Средняя,Социальные,Осознание,Друзья
"Снова твоя сестра просит денег, и ты, конечно, не можешь ей отказать. А то, что нам самим скоро не на что будет продукты покупать, тебя не волнует? Она взрослая баба, пусть идет работать, а не висит на твоей шее постоянно!",Предконфликтная,Низкая,Гнев,Неодобрение,Родня
"Мы планировали этот поход к врачу с ребенком месяц назад, и ты сегодня опять «забыл». Тебе всё равно на его здоровье, или ты просто надеешься, что я как обычно всё разрулю сама? Это не только мои дети, но и твои, вспомни об этом наконец!",Инцидент,Средняя,Грусть,Разочарование,Дети
"Давай, расскажи мне еще раз, какая я плохая хозяйка, потому что не погладила твои рубашки! Ты сам палец о палец не ударил за весь день, зато претензий — целый вагон. Я тебе не прислуга, хочешь глаженое — бери утюг и делай сам!",Эскалация,Средняя,Гнев,Раздражение,Быт
"Я просто боюсь за наше будущее, когда вижу, как мы отдаляемся друг от друга. Каждая такая ссора оставляет внутри пустоту, которую ничем не заполнить. Я не хочу тебя терять, но и так жить больше нет сил, понимаешь?",Инцидент,Высокая,Страх,Страх,Личность
"Прости, что я была такой резкой насчет твоей новой работы, я просто очень волнуюсь за нашу стабильность. Я верю в твой талант и знаю, что ты справишься, несмотря на все риски. Давай попробуем составить план на первое время, я во всем тебе помогу.",Разрешение,Средняя,Позитив,Оптимизм,Деньги
"Опять ты разбросал свои носки по всей гостиной, это что, так сложно — донести их до корзины? Я не хочу проводить свой единственный выходной, собирая твои вещи по углам. Пожалуйста, начни хоть немного уважать мой труд по дому.",Предконфликтная,Низкая,Гнев,Раздражение,Быт
"Ты обещал, что мы сходим в кино в эту пятницу, а в итоге опять остался на работе допоздна. Я весь вечер просидела в ожидании, даже телефон из рук не выпускала. Мне очень горько, что твои отчеты всегда важнее, чем наше время вдвоем.",Инцидент,Средняя,Грусть,Обида,Внимание
"Почему ты вечно лезешь со своими советами, когда я общаюсь с родителями? Я сама знаю, как с ними разговаривать, и мне не нужны твои поучения на каждом шагу. Твой контроль в моих семейных делах просто выводит меня из себя!",Эскалация,Средняя,Гнев,Неодобрение,Родня
"Да заткнись ты уже про свою ревность, я просто стояла и разговаривала с соседом! Ты в каждом столбе видишь угрозу, это уже просто ненормально, тебе лечиться надо! Я больше не могу терпеть твои бесконечные сцены и допросы, у меня терпение лопнуло!",Пик,Высокая,Гнев,Злость,Ревность
"Я так рада, что мы решили отдать дочку в ту спортивную секцию, она прямо расцвела. Спасибо, что поддержал мою идею, хотя сначала был против из-за логистики. Вместе мы — отличная команда родителей, я это очень ценю.",Разрешение,Средняя,Социальные,Эмпатия,Дети
"Ты снова потратил крупную сумму с кредитки на какие-то гаджеты, даже не посоветовавшись. Мы же договорились закрывать долги, а ты только увеличиваешь нашу финансовую яму. У меня просто руки опускаются от твоего легкомыслия.",Предконфликтная,Средняя,Гнев,Неодобрение,Деньги
"Я чувствую, что ты меня совсем не слышишь, когда я пытаюсь поговорить о наших проблемах в сексе. Ты сразу переводишь тему или делаешь вид, что засыпаешь, и это очень обидно. Неужели тебе всё равно, что я чувствую себя неудовлетворенной и брошенной?",Инцидент,Средняя,Грусть,Горе/Грусть,Секс
"Хватит критиковать моих друзей, они были со мной задолго до твоего появления! Если они тебе не нравятся — можешь не общаться, но запрещать мне видеться с ними ты не имеешь права. Твои попытки изолировать меня от окружения просто пугают.",Эскалация,Высокая,Страх,Напряжение/Нервозность,Друзья
"Я ненавижу тебя в такие моменты, ты просто монстр, когда выпьешь! Посмотри на себя — ты же несешь полную чушь и пытаешься меня ударить. Это последний раз, когда я это терплю, завтра же я забираю вещи и уезжаю!",Пик,Высокая,Гнев,Злость,Личность
"Прости меня за те слова, я наговорила их на эмоциях и совсем так не думаю. Ты — самый близкий мне человек, и мне больно осознавать, что я тебя так сильно обидела. Давай попробуем всё забыть и просто поужинать в тишине, я очень скучаю по миру.",Разрешение,Средняя,Социальные,Раскаяние,Личность
"Опять твоя мама учит меня, как правильно кормить ребенка, будто я сама не справлюсь. Почему ты никогда не встаешь на мою сторону в этих спорах, а просто молчишь в сторонке? Мне нужна твоя поддержка, а не нейтралитет, когда меня поучают в моем же доме.",Предконфликтная,Низкая,Гнев,Раздражение,Родня
"Я увидел, что ты до сих пор хранишь фотографии со своим бывшим в скрытой папке. Ты говорила, что всё давно в прошлом, но зачем тогда оставлять эти «воспоминания»? Мне очень неприятно это осознавать, я чувствую себя каким-то запасным вариантом.",Инцидент,Средняя,Грусть,Обида,Ревность
"Ты постоянно указываешь мне, как я должна одеваться, чтобы «соответствовать» твоему статусу. Я не кукла, которую можно наряжать по своему вкусу, у меня есть свое мнение и свой стиль. Твое давление на мою личность становится просто невыносимым!",Эскалация,Высокая,Гнев,Раздражение,Личность
"Да мне плевать на твои извинения, ты опять пропил все деньги, которые были отложены на ремонт! Ты никчемный человек, на которого нельзя положиться ни в одном деле. Я больше не хочу иметь с тобой ничего общего, проваливай к своим собутыльникам!",Пик,Высокая,Гнев,Злость,Деньги
"Спасибо, что взял на себя уборку в эти выходные, я действительно смогла немного отдохнуть. Я вижу, как ты стараешься сделать нашу жизнь комфортнее, и это очень ценно для меня. Ты замечательный муж, и я рада, что мы вместе.",Разрешение,Средняя,Позитив,Признательность/Радость,Быт
"Почему ты никогда не проявляешь инициативу в воспитании детей, всё время ждешь моих указаний? Я чувствую себя каким-то генералом, который должен раздавать приказы, а ты — просто исполнитель. Пожалуйста, включись в процесс сам, им нужен активный отец.",Предконфликтная,Низкая,Гнев,Неодобрение,Дети
"Я сегодня поняла, что ты совсем перестал интересоваться моей работой и моими успехами. Тебе важно только то, чтобы дома было чисто и ужин на столе, а мои амбиции тебя только раздражают. Это очень больно — осознавать, что мой рост тебе не нужен.",Инцидент,Средняя,Грусть,Разочарование,Внимание
"Какого черта ты проверял мою историю браузера, когда я отошла в ванную?! Ты совсем уже помешался на своем контроле, у меня нет никакой личной жизни с тобой. Это просто унизительно — оправдываться за каждый свой шаг перед тобой!",Эскалация,Высокая,Гнев,Злость,Контроль
"Мне страшно находиться с тобой в одной квартире, когда ты в таком состоянии. Ты крушишь мебель, орешь и обвиняешь меня во всех своих бедах, хотя я ничего не сделала. Я боюсь, что однажды ты просто не сможешь остановиться и причинишь мне вред.",Пик,Высокая,Страх,Страх,Личность
"Я так благодарен за твоё терпение, когда я был без работы и срывался на тебе. Ты — единственный человек, который верил в меня до конца, и я это никогда не забуду. Обещаю, что теперь всё будет иначе, я сделаю всё ради нашего счастья.",Разрешение,Средняя,Позитив,Любовь,Деньги
"Опять ты не помыл миску за котом, хотя это была твоя единственная обязанность на сегодня. Вся кухня пропахла этим кормом, и мне пришлось убирать это сразу после работы. Неужели так сложно потратить одну минуту на элементарную чистоту?",Предконфликтная,Низкая,Гнев,Раздражение,Быт
"Ты опять всё время на семейном ужине просидела в телефоне, переписываясь с подружками. Мои родители старались, готовили, хотели пообщаться, а ты вела себя просто неуважительно. Мне было очень неловко перед ними за твое поведение.",Инцидент,Средняя,Грусть,Обида,Родня
"Почему ты всегда критикуешь мои сексуальные фантазии и заставляешь меня чувствовать себя каким-то извращенцем? Я просто хочу разнообразия и близости с тобой, а ты выстраиваешь между нами стену из запретов. Это убивает всё желание вообще к тебе прикасаться.",Эскалация,Средняя,Грусть,Разочарование,Секс
"Убирайся к своей мамочке, раз она такая идеальная и всё делает лучше меня! Я больше не намерена выслушивать эти сравнения каждый божий день, живи с ней, раз я тебя не устраиваю. Нам не о чем больше говорить, я подаю на развод!",Пик,Высокая,Гнев,Злость,Родня
"Я сегодня осознал, что слишком сильно тебя контролировал в последнее время из-за своего стресса. Ты — свободный человек, и я не имею права требовать от тебя отчетов за каждую минуту. Прости меня, я буду учиться доверять тебе по-настоящему.",Разрешение,Средняя,Социальные,Осознание,Контроль
"Твои друзья опять собираются у нас на футбол, а я хотела провести вечер в тишине с книгой. Ты даже не спросил, не помешает ли мне этот шум и гора пустых бутылок после них. Я чувствую себя просто бесплатной официанткой в собственном доме.",Предконфликтная,Низкая,Гнев,Неодобрение,Друзья
"Я заметила, что ты стал прятать от меня свои премиальные выплаты и тратить их втихую. Мы же семья, у нас должен быть общий бюджет, а ты ведешь какую-то двойную игру. Мне очень больно от того, что ты мне не доверяешь в таких важных вопросах.",Инцидент,Средняя,Грусть,Обида,Деньги
"Хватит орать на меня при посторонних людях, это просто дно, ты себя позоришь! Если у тебя есть ко мне претензии — выскажи их дома, а не устраивай это шоу на улице. Твоя несдержанность меня просто пугает и отталкивает.",Эскалация,Высокая,Гнев,Раздражение,Личность
"Я просто не понимаю, за что мне это всё, почему ты так со мной поступаешь? Я отдала тебе лучшие годы, поддерживала во всём, а ты просто вытер об меня ноги своим враньем. У меня внутри всё выгорело, я больше ничего к тебе не чувствую, кроме боли.",Инцидент,Высокая,Грусть,Горе/Грусть,Личность
"Как же здорово, что мы наконец-то съездили в этот отпуск и просто побыли вдвоем, без гаджетов. Я заново в тебя влюбилась, увидев, какой ты нежный и внимательный, когда не занят работой. Давай постараемся сохранить это чувство как можно дольше.",Разрешение,Высокая,Позитив,Любовь,Внимание
"Опять в холодильнике пусто, хотя ты обещала зайти за продуктами после работы. Теперь нам придется или голодать, или тратить лишние деньги на доставку, которая сейчас не вовремя. Пожалуйста, будь обязательнее, я ведь тоже рассчитываю на твою помощь.",Предконфликтная,Низкая,Гнев,Раздражение,Быт
"Почему ты обсуждаешь наши интимные проблемы со своей мамой, это же за гранью добра и зла! Теперь она смотрит на меня с жалостью, а я чувствую себя максимально некомфортно в её присутствии. Неужели для тебя нет ничего святого и личного?",Инцидент,Средняя,Гнев,Обида,Секс
"Ты постоянно сравниваешь нашего ребенка с сыном своей подруги, и это просто невыносимо слышать. Каждому ребенку нужен свой темп развития, а ты только взращиваешь в нем комплексы неполноценности. Перестань на него давить, иначе он вообще перестанет тебе доверять!",Эскалация,Средняя,Страх,Напряжение/Нервозность,Дети
"Да пошел ты к черту со своим контролем, я буду общаться с кем хочу и когда хочу! Ты мне не отец и не хозяин, чтобы диктовать, какие у меня должны быть интересы. Я больше не позволю тебе ломать мою жизнь своими дурацкими правилами!",Пик,Высокая,Гнев,Злость,Контроль
"Я сегодня поняла, что была слишком холодна с тобой после твоей неудачи на работе. Прости, я просто сама была в стрессе и не нашла в себе сил тебя поддержать, как должна была. Я очень горжусь твоим упорством и верю, что в следующий раз всё получится.",Разрешение,Средняя,Социальные,Эмпатия,Личность
"Твои друзья постоянно подшучивают надо мной, а ты сидишь и смеешься вместе с ними, будто это нормально. Мне очень неприятно это слышать, я чувствую себя какой-то мишенью для вашего юмора. Пожалуйста, попроси их выбирать выражения, если я тебе хоть немного дорога.",Предконфликтная,Низкая,Гнев,Неодобрение,Друзья
"Я увидела в твоей сумке чек из дорогого ювелирного, но у меня нет никаких обновок, и праздник еще не скоро. У меня внутри всё похолодело — для кого этот подарок, если не для меня? Пожалуйста, скажи правду, я не вынесу еще больше лжи.",Инцидент,Высокая,Страх,Страх,Ревность
"Хватит упрекать меня каждой копейкой, которую я трачу на дом и детей! Ты зарабатываешь деньги для семьи, а не для того, чтобы самоутверждаться за мой счет и унижать меня. Твоя жадность просто убивает во мне все чувства к тебе.",Эскалация,Средняя,Гнев,Раздражение,Деньги
"Я просто хочу, чтобы ты меня обнял и больше никогда не отпускал, мне так плохо сейчас. Весь мир кажется враждебным, и только рядом с тобой я чувствую себя в безопасности. Пожалуйста, не уходи, мне очень нужно твое присутствие и тепло.",Инцидент,Средняя,Грусть,Горе/Грусть,Личность
"Спасибо, что починил кран и убрал в гараже, я знаю, как ты не любишь заниматься этими делами. Дом стал таким уютным, и мне очень приятно, что ты заботишься о нашем комфорте. Ты лучший мужчина, и я очень тебя ценю.",Разрешение,Средняя,Позитив,Признательность/Радость,Быт
"Опять ты забыл про годовщину нашего знакомства, хотя я напоминала на прошлой неделе. Тебе всё равно на наши даты, ты живешь только своими делами и интересами. Мне очень обидно быть для тебя настолько незначительной.",Предконфликтная,Низкая,Гнев,Раздражение,Внимание
"Почему ты никогда не берешь на себя ответственность за свои ошибки, всегда я во всем виновата? Ты опоздал на встречу, а виновата я, потому что «медленно собиралась», хотя я была готова вовремя. Это просто манипуляция чистой воды, и я от неё устала.",Инцидент,Средняя,Грусть,Обида,Личность
"Твои постоянные поучения, как мне водить машину, просто выводят меня из себя! Я за рулем уже пять лет и ни разу не попадала в аварии, в отличие от тебя. Хватит меня контролировать на каждом повороте, иначе я вообще перестану тебя возить!",Эскалация,Средняя,Гнев,Раздражение,Контроль
"Посмотри, что ты наделал — ты разбил мою любимую вазу, просто потому что тебе не понравился мой ответ! Ты не умеешь справляться со своей агрессией, и это пугает меня до дрожи. Уходи, я не хочу находиться в одном помещении с психически неуравновешенным человеком!",Пик,Высокая,Гнев,Злость,Быт
"Я сегодня поняла, что зря спорила с тобой по поводу выбора школы для сына. Твои аргументы были более взвешенными, и я рада, что мы приняли решение в его интересах. Давай вместе съездим туда на следующей неделе, я очень ценю твое участие.",Разрешение,Низкая,Социальные,Осознание,Дети
"Твои родственники опять планируют приехать на все праздники без приглашения. Я не готова к такому наплыву людей и хочу провести это время только с тобой и детьми. Пожалуйста, скажи им «нет», я не хочу снова чувствовать себя прислугой для всей твоей родни.",Предконфликтная,Средняя,Гнев,Неодобрение,Родня
"Я заметил, что ты стала очень холодной в постели и избегаешь моих прикосновений. Если я тебя чем-то обидел — скажи прямо, не надо мучить нас обоих этим молчанием. Мне очень не хватает нашей близости, и я переживаю за наши отношения.",Инцидент,Средняя,Грусть,Разочарование,Секс
"Хватит обсуждать мои доходы при своих друзьях, это не их дело и вообще неприлично! Ты выставляешь меня в плохом свете, жалуясь на то, что нам на что-то не хватает. Имея такие разговоры за моей спиной, ты просто подрываешь моё доверие к тебе.",Эскалация,Высокая,Гнев,Раздражение,Деньги
"Я просто боюсь, что наше общение превратилось в бесконечный список претензий и обид. Где тот смех и легкость, которые были у нас раньше, почему мы только и делаем, что грыземся? Мне так страшно, что мы уже никогда не вернемся к тому, что было.",Инцидент,Высокая,Страх,Напряжение/Нервозность,Личность
"Прости, что я забыл купить тебе подарок на день рождения, я действительно зашился на работе и потерял счет дням. Я чувствую себя последним подлецом и очень хочу загладить свою вину перед тобой. Давай завтра сходим в то место, о котором ты мечтала, я всё устрою.",Разрешение,Средняя,Социальные,Раскаяние,Внимание
"Опять ты оставил грязную посуду в комнате, хотя я сто раз просила этого не делать. Теперь здесь мухи заведутся, а убирать всё равно мне, потому что ты «устал». Твой эгоизм в быту просто переходит все границы, честное слово.",Предконфликтная,Низкая,Гнев,Раздражение,Быт
"Ты обещал, что мы проведем эти выходные только вдвоем, а в итоге опять пригласил своих друзей на дачу. Мои желания для тебя — пустой звук, ты всегда выбираешь компанию, а не меня. Мне очень горько от того, что я для тебя всегда на втором месте.",Инцидент,Средняя,Грусть,Обида,Друзья
"Какого черта ты лезешь в мои переписки с подругами и задаешь потом глупые вопросы?! У меня должно быть свое пространство, куда тебе вход запрещен, это элементарное уважение. Твой контроль уже превращается в манию, и меня это пугает!",Эскалация,Высокая,Гнев,Раздражение,Контроль
"Убирайся к черту со своими подозрениями, я больше не намерена оправдываться за каждый свой шаг! Ты больной человек, если видишь измену в каждом моем звонке по работе. Я ухожу, и на этот раз навсегда, живи в своей паранойе один!",Пик,Высокая,Гнев,Злость,Ревность
"Я сегодня понял, что был слишком строг к нашему сыну из-за его оценок. Ты была права — главное, чтобы он был счастлив и здоров, а остальное приложится. Спасибо за твою мудрость, ты помогаешь мне стать лучшим отцом.",Разрешение,Низкая,Социальные,Осознание,Дети
"Твоя мама снова критикует мой стиль воспитания, а ты сидишь и поддакиваешь ей. Почему ты никогда не защищаешь меня, когда она переходит на личности и унижает меня в моем же доме? Мне нужна твоя поддержка, а не предательство в угоду родителям.",Предконфликтная,Средняя,Гнев,Неодобрение,Родня
"Я заметила, что ты стал прятать телефон и ставить на него новые пароли после каждой моей попытки подойти. Это выглядит очень подозрительно, и у меня внутри всё сжимается от плохого предчувствия. Пожалуйста, не разрушай наше доверие своими тайнами.",Инцидент,Высокая,Страх,Страх,Ревность
"Хватит попрекать меня тем, что ты больше зарабатываешь и «содержишь» нас всех! Я тоже работаю и занимаюсь домом, мой вклад не менее важен, чем твой. Твое высокомерие и отношение ко мне как к приживалке просто оскорбительны.",Эскалация,Средняя,Гнев,Раздражение,Деньги
"Я просто хочу тишины и чтобы меня никто не трогал, у меня нет сил даже на разговор. Вся эта ситуация с нашей ссорой вымотала меня до предела, я чувствую себя абсолютно опустошенной. Давай просто разойдемся по разным комнатам и помолчим.",Предконфликтная,Низкая,Нейтральные,Нейтральность,Личность
"Как же я рада, что мы смогли пережить этот кризис и не развестись, как все пророчили. Твоя готовность меняться и работать над собой — это лучший подарок для меня. Я люблю тебя еще сильнее, чем прежде, и очень дорожу нами.",Разрешение,Высокая,Позитив,Любовь,Личность
"Опять ты не предупредила, что задержишься, и я два часа ждал тебя с ужином. Моё время тоже чего-то стоит, и я не обязан сидеть и гадать, когда ты соизволишь вернуться домой. Пожалуйста, начни хоть немного уважать мои чувства и усилия.",Предконфликтная,Низкая,Гнев,Раздражение,Внимание
"Почему ты никогда не советуешься со мной, когда принимаешь важные решения, касающиеся нашего общего будущего? Ты просто ставишь меня перед фактом, и это очень обидно — осознавать, что моё мнение для тебя не существует. Мы же партнеры, а не подчиненный и начальник.",Инцидент,Средняя,Грусть,Обида,Контроль
"Твои постоянные придирки к моей фигуре после родов меня просто убивают и вгоняют в депрессию. Я дала жизнь нашему ребенку, моё тело изменилось, и мне нужна поддержка, а не твои едкие замечания. Ты ведешь себя просто жестоко по отношению ко мне!",Эскалация,Средняя,Грусть,Разочарование,Личность
"Да мне плевать на твои оправдания, ты опять потратил деньги с детского счета на свои гулянки! Ты конченый человек, у которого нет ни совести, ни ответственности перед собственной семьей. Собирай свои вещи и чтобы я тебя больше здесь не видела!",Пик,Высокая,Гнев,Злость,Деньги
"Я сегодня осознала, что зря ревновала тебя к той коллеге, она действительно просто профессионал. Прости за мои сцены и недоверие, я просто очень боюсь тебя потерять и иногда теряю голову. Давай забудем об этом и просто проведем вечер вместе.",Разрешение,Средняя,Социальные,Раскаяние,Ревность
"Твои друзья опять оставили после себя гору мусора и разлитое пиво на моем любимом ковре. Я не нанималась клининговой службой для твоих приятелей, пусть убирают за собой сами! Почему ты позволяешь им так по-свински относиться к нашему дому?",Предконфликтная,Низкая,Гнев,Неодобрение,Друзья
"Я заметил, что ты стала часто задерживаться «на работе» и приходить в приподнятом настроении, но не со мной. Это очень странно, и у меня закрадываются подозрения, которые я боюсь даже озвучить. Пожалуйста, скажи мне честно — ты еще любишь меня?",Инцидент,Высокая,Страх,Страх,Внимание
"Хватит орать на детей из-за того, что они шумят, они просто играют, а ты вечно не в духе! Ты приходишь с работы и сразу начинаешь строить всех вокруг, будто мы в казарме. Твоя агрессия на пустом месте просто выматывает всех нас.",Эскалация,Средняя,Гнев,Раздражение,Дети
"Я просто не верю, что всё это происходит с нами на самом деле, будто в каком-то плохом кино. Мы же были так счастливы вначале, куда всё ушло, почему теперь только боль и взаимные упреки? У меня сердце разрывается от осознания того, что мы всё разрушили.",Инцидент,Высокая,Грусть,Горе/Грусть,Личность
"Спасибо, что поддержала меня перед моими родителями, это было очень важно для меня в тот момент. Я знаю, как тебе непросто с ними общаться, но ты проявила такую выдержку и такт. Я очень это ценю и всегда буду на твоей стороне.",Разрешение,Средняя,Позитив,Признательность/Радость,Родня
"Опять в ванной гора твоих мокрых полотенец, которые уже начали неприятно пахнуть. Тебе что, так сложно повесить их на сушилку после использования, а не кидать на пол? Это просто элементарная гигиена и уважение к моему труду по дому.",Предконфликтная,Низкая,Гнев,Раздражение,Быт
"Ты обещал, что мы сходим на этот концерт вместе, а в итоге отдал билеты своим друзьям, потому что «тебе лень». Я так ждала этого события, подбирала наряд, а ты просто наплевал на мои ожидания. Мне очень обидно быть для тебя настолько неважной и предсказуемой.",Инцидент,Средняя,Грусть,Обида,Внимание
"Какого черта ты опять пригласил свою сестру пожить у нас, не спросив моего мнения?! Это наш общий дом, и я имею право голоса, кто в нем будет находиться неделями. Твое самоуправство в семейных вопросах меня просто выводит из себя!",Эскалация,Высокая,Гнев,Неодобрение,Родня
"Убирайся к своей любовнице, я видела ваше видео, и не смей говорить, что это не ты! Ты лживый подонок, который предал меня и наших детей ради мимолетного увлечения. Я подаю на развод сегодня же, и больше ты меня не увидишь!",Пик,Высокая,Гнев,Злость,Ревность
"Я сегодня понял, что был неправ, когда критиковал твоё решение пойти на те курсы повышения квалификации. Ты молодец, что стремишься к росту, и я буду во всем тебе помогать, чтобы у тебя было время на учебу. Давай обсудим, как мы перераспределим домашние дела.",Разрешение,Низкая,Позитив,Одобрение,Личность
"Твои друзья опять курят прямо на балконе, и весь дым идет в комнату к ребенку. Почему ты не можешь попросить их выходить на улицу, неужели здоровье собственного сына тебе менее важно, чем комфорт приятелей? Я чувствую, что мои просьбы в этом доме вообще не имеют веса.",Предконфликтная,Средняя,Гнев,Неодобрение,Друзья
"Я заметила, что ты стал удалять все сообщения в мессенджерах и переворачиваешь телефон экраном вниз. Это поведение человека, которому есть что скрывать, и у меня внутри всё дрожит от страха и недоверия. Пожалуйста, будь честен со мной, что бы там ни было.",Инцидент,Высокая,Страх,Напряжение/Нервозность,Ревность
"Хватит контролировать мои расходы и спрашивать чеки за каждый поход в магазин! Я не маленькая девочка, а взрослая женщина, и я сама знаю, как распоряжаться деньгами, которые я тоже зарабатываю. Твоя скупость и подозрительность просто душат меня.",Эскалация,Средняя,Гнев,Раздражение,Деньги
"Я просто хочу, чтобы этот вечер поскорее закончился, у меня нет сил даже на слезы после нашей ссоры. Внутри какая-то пустота и безразличие, будто всё, что было между нами, вдруг обесценилось. Давай просто поспим в разных комнатах, мне нужно время прийти в себя.",Предконфликтная,Низкая,Нейтральные,Нейтральность,Личность
"Как же я счастлив, что мы смогли преодолеть все те обиды и снова начать доверять друг другу. Ты — самая удивительная женщина на свете, и я бесконечно благодарен судьбе за то, что ты рядом. Я люблю тебя всем сердцем и обещаю беречь наше счастье.",Разрешение,Высокая,Позитив,Любовь,Личность
"Опять ты промолчал, когда твоя мать начала отпускать эти едкие комментарии про мою готовку. Я не требую, чтобы ты с ней ругался, но простое «мам, мне всё нравится» было бы очень кстати. Такое чувство, что в её присутствии ты просто забываешь о моем существовании.",Предконфликтная,Низкая,Грусть,Обида,Родня
"Я просто в ярости от того, что ты решил пригласить своих друзей на эти выходные, не спросив меня! У меня был тяжелый месяц, и я мечтала просто посидеть в тишине, а теперь мне придется развлекать твою компанию. Это абсолютно наплевательское отношение к моим потребностям и планам!",Инцидент,Высокая,Гнев,Злость,Друзья
"Твои постоянные вопросы в духе «где ты была эти лишние 15 минут» — это уже не забота, а какая-то тюрьма. Я начинаю ловить себя на мысли, что мне страшно идти домой, если я где-то задержалась по пути. Ты сам не понимаешь, как твоё недоверие просто выжигает всё хорошее между нами.",Эскалация,Средняя,Страх,Напряжение/Нервозность,Контроль
"Да пошел ты к черту со своими претензиями, я больше не собираюсь это выслушивать! Ты ни разу за пять лет не сказал «спасибо» за то, что я тяну на себе весь дом и воспитание детей. Ты просто паразит, который только требует и ничего не дает взамен, я ухожу!",Пик,Высокая,Гнев,Злость,Личность
"Слушай, я действительно был не прав, когда сорвался на тебя из-за того разбитого бокала. Это просто посуда, а я устроил какой-то неадекватный скандал из-за ерунды. Прости меня, я обещаю быть спокойнее и не тащить рабочие проблемы в наш дом.",Разрешение,Средняя,Социальные,Раскаяние,Быт
"Я вижу, что ты опять проверяешь мой телефон, пока я сплю, думаешь, я не замечаю? Это так унизительно — знать, что ты мне совсем не веришь, несмотря на все мои старания. Если тебе нужны доказательства моей верности каждый день, то, может, нам вообще не стоит быть вместе?",Инцидент,Средняя,Грусть,Разочарование,Ревность
"Знаешь, я сегодня поняла, что наши ссоры из-за денег — это просто верхушка айсберга. Мы просто не умеем доверять друг другу планы на будущее, и это пугает меня больше всего. Давай попробуем составить общий план, я очень хочу, чтобы мы чувствовали себя в безопасности.",Разрешение,Низкая,Социальные,Осознание,Деньги
"Почему ты никогда не проявляешь инициативу в постели, мне всегда приходится быть «двигателем»? Я чувствую себя непривлекательным и ненужным, когда ты просто лежишь и ждешь, пока я всё сделаю. Мне нужна живая реакция, страсть, а не просто выполнение супружеского долга.",Инцидент,Средняя,Грусть,Обида,Секс
"Хватит кричать на ребенка, он не виноват, что ты сегодня не в духе! Ты пугаешь его, и это совершенно непедагогично, так ты только портишь с ним отношения. Отойди в сторону и успокойся, я сама с ним поговорю, пока ты не натворил дел.",Эскалация,Высокая,Гнев,Раздражение,Дети
"Спасибо, что выслушал меня вчера без своих обычных советов и поучений. Мне просто нужно было выговориться, и то, что ты был рядом, очень мне помогло. Я чувствую, что мы снова становимся ближе, и это делает меня очень счастливой.",Разрешение,Средняя,Позитив,Признательность/Радость,Внимание
"Опять в раковине гора посуды, хотя мы договаривались, что сегодня твоя очередь. Мне кажется, я говорю в пустоту, потому что ничего не меняется уже который месяц. Неужели тебе настолько плевать на мой комфорт и наше соглашение?",Предконфликтная,Низкая,Гнев,Раздражение,Быт
"Я просто не понимаю, как ты мог забыть о дне рождения моей матери, мы же обсуждали это вчера! Ты постоянно игнорируешь вещи, которые важны для меня, но требуешь идеального отношения к своей родне. Это несправедливо и очень обидно, я чувствую себя на обочине твоей жизни.",Инцидент,Средняя,Грусть,Обида,Родня
"Твои друзья постоянно подкалывают меня по поводу моего веса, а ты сидишь и подхихикиваешь. Это не юмор, это прямое оскорбление, и мне больно, что ты меня не защищаешь. Если ты считаешь это нормальным, то у нас большие проблемы с пониманием уважения.",Эскалация,Средняя,Гнев,Неодобрение,Друзья
"Я ненавижу тебя в такие моменты, ты просто бездушное чудовище! Ты специально бьешь по самым больным местам, зная, как мне сейчас тяжело. Я больше не хочу видеть твое лицо, уходи сейчас же, иначе я за себя не ручаюсь!",Пик,Высокая,Гнев,Злость,Личность
"Прости, что я была такой колючей сегодня утром, просто очень волнуюсь из-за предстоящего обследования. Ты ни в чем не виноват, и я зря на тебя набросилась из-за этой несчастной чашки. Давай вечером сходим погулять, мне нужно немного отвлечься рядом с тобой.",Разрешение,Средняя,Социальные,Раскаяние,Внимание
"Мне кажется, ты слишком много времени проводишь в телефоне, когда мы ложимся спать. Это время должно быть только нашим, а ты предпочитаешь листать ленту новостей. Я чувствую себя одинокой в нашей собственной постели, и это пугает меня.",Предконфликтная,Низкая,Страх,Напряжение/Нервозность,Секс
"Ты опять потратил все деньги на свои гаджеты, а нам завтра за садик платить! Тебе вообще есть дело до того, как мы будем выкручиваться, или ты живешь только своими хотелками? Это полная безответственность, я больше не могу так жить в постоянном страхе перед завтрашним днем.",Инцидент,Высокая,Гнев,Злость,Деньги
"Слушай, я был неправ, когда сказал, что ты плохая мать. Я видел, как ты сегодня успокаивала сына, и понял, сколько в тебе терпения и любви. Прости за мои слова, они были сказаны сгоряча, я очень ценю всё, что ты делаешь для семьи.",Разрешение,Средняя,Социальные,Эмпатия,Дети
"Почему ты вечно пытаешься меня контролировать, даже в том, что я покупаю в магазине? Я взрослый человек и сама знаю, какой хлеб нам нужен, мне не нужны твои инструкции на каждом шагу. Твое желание доминировать во всем просто душит меня, дай мне хоть немного свободы!",Эскалация,Средняя,Гнев,Раздражение,Контроль
"Я так рада, что мы наконец-то съездили к твоим родителям и всё прошло спокойно. Спасибо, что поддержал меня, когда твоя тетя начала задавать неудобные вопросы. Я чувствую себя под твоей защитой, и это самое прекрасное чувство на свете.",Разрешение,Высокая,Позитив,Любовь,Родня
"Опять ты не берешь трубку, хотя я просил тебя позвонить, как закончишь. Я же переживаю, накручиваю себя, а тебе, видимо, совсем всё равно на мое состояние. Это элементарное неуважение к партнеру — просто игнорировать сообщения.",Предконфликтная,Низкая,Гнев,Раздражение,Внимание
"Я случайно увидел твою переписку с тем парнем из тренажерного зала, и она совсем не похожа на дружескую. Зачем ты врешь мне в лицо, что там ничего нет, если я вижу эти смайлики и ночные сообщения? У меня просто земля уходит из-под ног от этого вранья.",Инцидент,Высокая,Страх,Страх,Ревность
"Давай просто перестанем орать и попробуем услышать друг друга хотя бы пять минут. Мы же превратили нашу жизнь в поле боя, где нет победителей, одни раненые. Я всё еще люблю тебя, но так больше продолжаться не может, нам нужно что-то менять.",Эскалация,Средняя,Грусть,Горе/Грусть,Личность
"Убирайся к своей матери, раз она такая идеальная и всё делает лучше меня! Я больше не намерена терпеть твои сравнения и вечное недовольство тем, как я веду хозяйство. С меня хватит, живи со своими идеалами в одиночестве!",Пик,Высокая,Гнев,Злость,Родня
"Знаешь, я сегодня поняла, что была неправа, когда запрещала тебе видеться с друзьями. Тебе тоже нужно пространство и отдых от дома, я просто слишком зациклилась на нашем быте. Иди в субботу, а я проведу время с пользой для себя, всё хорошо.",Разрешение,Низкая,Социальные,Осознание,Друзья
"Почему ты никогда не спрашиваешь, как я себя чувствую, когда прихожу с работы без сил? Тебя интересует только ужин и чистое белье, а то, что я вымотана морально — это как бы за кадром. Я не робот, мне тоже нужны объятия и простое человеческое «как ты?».",Инцидент,Средняя,Грусть,Обида,Внимание
"Какого черта ты опять без спроса взял мои личные накопления на ремонт своей машины? Это были деньги на мой курс обучения, и ты об этом прекрасно знал! Ты просто воруешь у собственного будущего и у меня, это невыносимо!",Эскалация,Высокая,Гнев,Злость,Деньги
"Я так горжусь тобой, что ты не сорвался на того хама в магазине и всё решил спокойно. Ты стал таким мудрым в последнее время, я вижу, как ты работаешь над собой. Спасибо, что подаешь такой хороший пример нашим детям и мне.",Разрешение,Средняя,Социальные,Одобрение,Личность
"Мне кажется, наша интимная жизнь стала какой-то обязаловкой, без капли фантазии и тепла. Мы просто выполняем механические действия, а потом сразу засыпаем, даже не поговорив. Я скучаю по той страсти, которая была у нас в начале, куда она делась?",Предконфликтная,Средняя,Грусть,Разочарование,Секс
"Спасибо, что приготовил сегодня ужин и уложил детей, пока я доделывала отчет. Это была такая огромная помощь, я прямо выдохнула, когда увидела, что дома всё под контролем. Ты мой самый надежный тыл, и я тебя очень люблю.",Разрешение,Высокая,Позитив,Облегчение,Быт
"Почему ты никогда не проявляешь инициативу в воспитании детей, всё время ждешь моих распоряжений? Я чувствую себя каким-то прорабом на стройке, а не женой, это очень утомляет морально. Пожалуйста, включись в процесс сам, им нужен активный и вовлеченный отец.",Предконфликтная,Низкая,Гнев,Неодобрение,Дети
"Какого черта ты проверял мою историю браузера, когда я отошла на кухню на пять минут?! Ты совсем уже помешался на своем контроле, у меня нет никакого личного пространства в этом браке. Это просто унизительно — оправдываться за каждый свой поисковый запрос!",Эскалация,Высокая,Гнев,Злость,Контроль
"Мне страшно находиться с тобой в одной квартире, когда ты начинаешь крушить всё вокруг. Ты орешь и обвиняешь меня во всех своих неудачах, хотя я всегда стараюсь тебя во всем поддержать. Я боюсь, что однажды твоя агрессия перекинется и на меня тоже.",Пик,Высокая,Страх,Страх,Личность
"Я так благодарен за твоё терпение, когда я был в депрессии и сорвался на тебе из-за ерунды. Ты — единственный человек, который верил в меня даже тогда, когда я сам в себя не верил. Обещаю, что теперь всё будет по-другому, я сделаю всё ради нашего общего счастья.",Разрешение,Средняя,Позитив,Любовь,Личность
"Почему ты всегда критикуешь мои идеи в постели и заставляешь меня чувствовать себя каким-то ненормальным? Я просто хочу близости и разнообразия с любимой женщиной, а ты выстраиваешь между нами стену. Это убивает всё желание вообще к тебе подходить, честное слово.",Эскалация,Средняя,Грусть,Разочарование,Секс
"Убирайся к своей мамочке, раз она такая идеальная и всё делает в сто раз лучше меня! Я больше не намерена выслушивать эти бесконечные сравнения каждый божий день, живи с ней. Нам не о чем больше говорить, я завтра же иду подавать документы на развод!",Пик,Высокая,Гнев,Злость,Родня
"Твои друзья опять собираются у нас на просмотр матча, а я мечтала провести вечер в тишине. Ты даже не спросил, не помешает ли мне этот шум и гора посуды, которую мне потом мыть. Я чувствую себя просто прислугой в собственном доме, чьё мнение никого не волнует.",Предконфликтная,Низкая,Гнев,Неодобрение,Друзья
"Я заметила, что ты стал прятать от меня свои премии и тратить их на какие-то непонятные покупки. Мы же семья, у нас должен быть открытый бюджет, а ты ведешь какую-то тайную финансовую жизнь. Мне очень больно от того, что ты мне не доверяешь даже в таких вещах.",Инцидент,Средняя,Грусть,Обида,Деньги
"Хватит орать на меня при соседях, это просто позор, ты себя ведешь как неадекватный человек! Если у тебя есть ко мне претензии — выскажи их спокойно дома, а не устраивай этот концерт. Твоя несдержанность меня просто пугает и заставляет закрываться от тебя еще больше.",Эскалация,Высокая,Гнев,Раздражение,Личность
"Я просто не понимаю, за что мне это всё, почему ты так жестоко со мной поступаешь? Я отдала тебе столько лет своей жизни, а ты просто вытер об меня ноги своим постоянным враньем. У меня внутри всё выгорело дотла, я больше ничего не чувствую к тебе, кроме бесконечной боли.",Инцидент,Высокая,Грусть,Горе/Грусть,Личность
"Как же хорошо, что мы наконец-то съездили в этот поход и просто побыли вдвоем, без телефонов. Я заново в тебя влюбилась, увидев, какой ты на самом деле заботливый и надежный человек. Давай постараемся сохранить это чувство близости как можно дольше в нашей суете.",Разрешение,Высокая,Позитив,Любовь,Внимание
"Опять в холодильнике шаром покати, хотя ты обещал зайти за самым необходимым по пути домой. Теперь мне придется либо идти в магазин в ночи, либо заказывать дорогую доставку. Пожалуйста, будь чуть более ответственным, я же тоже рассчитываю на твою помощь в быту.",Предконфликтная,Низкая,Гнев,Раздражение,Быт
"Почему ты обсуждаешь наши семейные конфликты со своей сестрой, это же наше личное дело! Теперь она при каждой встрече смотрит на меня с осуждением, а я чувствую себя в ловушке. Неужели ты не понимаешь, что выносить сор из избы — это предательство нашего союза?",Инцидент,Средняя,Гнев,Обида,Родня
"Ты постоянно критикуешь нашего сына за его неудачи в спорте, и это просто невыносимо слышать. Каждому ребенку нужна поддержка отца, а не вечные попреки и сравнения с какими-то чемпионами. Перестань на него давить, иначе он совсем замкнется в себе и возненавидит тренировки!",Эскалация,Средняя,Страх,Напряжение/Нервозность,Дети
"Да пошел ты к черту со своими допросами, я буду возвращаться когда захочу! Ты мне не надзиратель, чтобы диктовать, сколько времени мне проводить с коллегами после работы. Я больше не позволю тебе превращать мою жизнь в бесконечный отчет о проделанных действиях!",Пик,Высокая,Гнев,Злость,Контроль
"Я сегодня поняла, что была слишком холодна с тобой после того, как ты потерял тот крупный контракт. Прости меня, я просто сама испугалась за наше будущее и не нашла слов поддержки в тот момент. Я очень ценю твое трудолюбие и верю, что ты скоро найдешь вариант еще лучше.",Разрешение,Средняя,Социальные,Эмпатия,Деньги
"Твои друзья постоянно отпускают сальные шуточки в мой адрес, а ты сидишь и улыбаешься, будто так и надо. Мне очень неприятно это слышать, я чувствую себя какой-то вещью для развлечения вашей компании. Пожалуйста, попроси их вести себя прилично, если ты уважаешь меня как свою женщину.",Предконфликтная,Низкая,Гнев,Неодобрение,Друзья
"Я увидела в твоей переписке уведомление от сайта знакомств, хотя ты клялся, что удалил профиль. У меня внутри всё похолодело — зачем тебе это, если у нас якобы всё хорошо в отношениях? Пожалуйста, не ври мне больше, я не вынесу очередную порцию твоих нелепых оправданий.",Инцидент,Высокая,Страх,Страх,Ревность
"Хватит попрекать меня каждой копейкой, которую я трачу на продукты и хозяйственные нужды! Ты зарабатываешь деньги для семьи, а не для того, чтобы контролировать мой каждый шаг в магазине. Твоя патологическая жадность просто убивает во мне всякое желание строить с тобой быт.",Эскалация,Средняя,Гнев,Раздражение,Деньги
"Я просто хочу, чтобы ты меня сейчас крепко обнял и ничего не спрашивал, мне очень плохо. Весь этот конфликт на работе выпил из меня все силы, и только дома я хочу чувствовать покой. Пожалуйста, побудь со мной рядом, мне сейчас жизненно необходимо твое тепло и поддержка.",Инцидент,Средняя,Грусть,Горе/Грусть,Личность
"Спасибо, что починил розетку и наконец-то разобрал завалы на балконе, как я и просила. Теперь в доме стало намного приятнее находиться, и я очень ценю, что ты нашел на это время. Ты у меня настоящий мастер на все руки, и я очень горжусь тем, какой ты хозяин.",Разрешение,Средняя,Позитив,Признательность/Радость,Быт
"Опять ты забыл про день рождения моей сестры, хотя я напоминала тебе об этом трижды за неделю. Тебе всё равно на моих близких, ты помнишь только о своих делах и своих увлечениях. Мне очень обидно быть для тебя настолько незначительным фактором в планировании времени.",Предконфликтная,Низкая,Гнев,Раздражение,Родня
"Почему ты никогда не признаешь свои ошибки, почему у тебя всегда я во всем виновата? Ты забыл ключи — виновата я, что не напомнила, ты опоздал — виновата я, что долго собиралась. Это типичная манипуляция, и я больше не собираюсь играть роль вечного козла отпущения!",Инцидент,Средняя,Грусть,Обида,Личность
"Твои постоянные поучения, как мне общаться с клиентами, просто выводят меня из себя! Я в этой профессии дольше тебя и сама знаю, как выстраивать диалоги, мне не нужны советы. Хватит меня контролировать в рабочих моментах, иначе я просто перестану тебе о них рассказывать!",Эскалация,Средняя,Гнев,Раздражение,Контроль
"Посмотри, во что ты превратила наш дом — вечный бардак и крики, я больше не могу здесь находиться! Ты не хочешь ничего менять, тебя устраивает этот хаос, а я в нем просто задыхаюсь как личность. Собирай свои вещи и уходи к подругам, я подаю на раздел имущества и точка!",Пик,Высокая,Гнев,Злость,Быт
"Я сегодня понял, что зря спорил с тобой по поводу выбора лагеря для нашей дочки на лето. Твои доводы о безопасности были абсолютно правильными, и я рад, что мы пришли к согласию. Давай завтра оплатим путевку, я очень ценю, как ты заботишься о благополучии наших детей.",Разрешение,Низкая,Социальные,Осознание,Дети
"Твоя мама опять звонит по видеосвязи во время нашего ужина и начинает раздавать советы. Я хочу провести это время только с тобой, обсудить наш день, а не слушать её монологи о жизни. Пожалуйста, установи для неё границы, иначе я просто начну игнорировать эти звонки сама.",Предконфликтная,Средняя,Гнев,Неодобрение,Родня
"Я заметил, что ты стала очень закрытой в последнее время и постоянно уносишь телефон с собой даже в ванную. Если у нас есть проблемы — давай обсудим их честно, а не будем играть в шпионов и прятать секреты. Мне очень не хватает твоего доверия, и я всерьез опасаюсь за наше общее будущее.",Инцидент,Средняя,Грусть,Разочарование,Ревность
"Хватит обсуждать мои промахи при своих коллегах на корпоративе, это было максимально низко с твоей стороны! Ты выставляешь меня в нелепом свете, пытаясь показаться остроумным за мой счет перед чужими людьми. Имея такие разговоры за моей спиной, ты просто уничтожаешь остатки моего уважения к тебе.",Эскалация,Высокая,Гнев,Раздражение,Личность
"Я просто боюсь, что мы окончательно потеряли ту ниточку, которая нас связывала все эти годы. Сейчас мы как два чужих человека, волей случая оказавшихся в одной квартире и делящих общий быт. Мне так страшно осознавать, что вся наша любовь превратилась в пепел из-за вечных обид.",Инцидент,Высокая,Страх,Напряжение/Нервозность,Личность
"Прости, что я забыл про нашу годовщину, я действительно погряз в этом сложном проекте и потерял связь с реальностью. Я чувствую себя ужасно и очень хочу загладить свою вину перед тобой чем-то по-настоящему особенным. Давай в эти выходные уедем за город, только ты и я, я всё сам организую.",Разрешение,Средняя,Социальные,Раскаяние,Внимание
"Опять ты оставила свои грязные чашки по всему дому, хотя я просил их сразу уносить на кухню. Теперь мне приходится ходить и собирать этот «урожай» по всем углам, когда я просто хочу отдохнуть. Твой эгоизм в мелочах быта просто поражает, неужели так трудно за собой убрать?",Предконфликтная,Низкая,Гнев,Раздражение,Быт
"Ты обещал, что мы проведем этот вечер вдвоем, а в итоге опять завис со своими друзьями в гараже. Мои планы и желания для тебя всегда на втором месте после твоих развлечений и приятелей. Мне очень горько осознавать, что я для тебя — лишь удобное дополнение к твоей основной жизни.",Инцидент,Средняя,Грусть,Обида,Друзья
"Какого черта ты лезешь в мой кошелек и проверяешь мои траты, когда я об этом не знаю?! У меня должно быть право на свои деньги и свои секреты, это база нормальных отношений между взрослыми. Твой тотальный контроль уже переходит все разумные границы, я чувствую себя под прицелом!",Эскалация,Высокая,Гнев,Раздражение,Контроль
"Убирайся прочь со своими лживыми клятвами, я видела твою переписку с той девицей из банка! Ты подлый изменник, который всё это время строил из себя идеального мужа, пока предавал нашу семью. Я подаю на развод и больше не желаю слышать ни одного твоего слова в оправдание!",Пик,Высокая,Гнев,Злость,Ревность
"Я сегодня поняла, что была неправа, когда критиковала твой стиль воспитания наших сыновей. Ты даешь им ту мужскую закалку, которую я дать не могу, и я вижу, как они тебя за это уважают. Спасибо за твою мудрость и терпение, ты действительно потрясающий отец для наших детей.",Разрешение,Низкая,Социальные,Осознание,Дети
"Твоя сестра опять пришла к нам без предупреждения и начала обсуждать, как нам стоит делать ремонт. Почему ты никогда не защищаешь наше право на частную жизнь и позволяешь ей так бесцеремонно вторгаться? Мне нужна твоя поддержка в защите наших границ от посягательств твоих родственников.",Предконфликтная,Средняя,Гнев,Неодобрение,Родня
"Я заметил, что ты стала очень нервной в последнее время и вздрагиваешь каждый раз, когда тебе приходит сообщение. Это поведение человека, который чего-то боится или что-то скрывает от самого близкого человека. Пожалуйста, будь со мной честна, я не хочу жить в этой гнетущей атмосфере недомолвок.",Инцидент,Высокая,Страх,Страх,Ревность
"Хватит попрекать меня тем, что ты больше вкладываешь в семейный бюджет и оплачиваешь ипотеку! Я тоже вношу свой вклад, занимаясь домом и всеми бытовыми вопросами, которые ты просто не замечаешь. Твое пренебрежительное отношение ко мне как к иждивенке просто унизительно и несправедливо.",Эскалация,Средняя,Гнев,Раздражение,Деньги
"Я просто хочу, чтобы мы на время разъехались и подумали, нужны ли нам вообще эти изматывающие отношения. Вся эта череда бесконечных ссор и взаимных обвинений лишила меня веры в наше общее будущее. Мне нужно побыть одной, чтобы понять, осталось ли во мне хоть что-то, кроме обиды.",Предконфликтная,Низкая,Нейтральные,Нейтральность,Личность
"Как же я счастлив, что мы смогли преодолеть тот затяжной кризис и не разрушили нашу семью из-за ерунды. Твоя мудрость и готовность идти на компромисс спасли нас, и я бесконечно тебе за это благодарен. Я люблю тебя больше всех на свете и обещаю делать всё, чтобы ты была счастлива.",Разрешение,Высокая,Позитив,Любовь,Личность
"Опять ты не предупредила, что задержишься на корпоративе, и я весь вечер не находил себе места от тревоги. Моё время и мои нервы тоже чего-то стоят, неужели так сложно отправить короткое сообщение? Пожалуйста, начни проявлять хоть каплю уважения к моему беспокойству о тебе.",Предконфликтная,Низкая,Гнев,Раздражение,Внимание
"Почему ты никогда не советуешься со мной, когда планируешь наши совместные отпуска или крупные покупки? Ты просто ставишь меня перед фактом свершившегося события, и это очень обидно для полноценного партнера. Мы же семья, а не корпорация с единоличным управлением, я тоже хочу иметь голос!",Инцидент,Средняя,Грусть,Обида,Контроль
"Твои постоянные замечания по поводу моей внешности после вторых родов меня просто убивают морально. Я выносила и родила двоих детей, моё тело изменилось, и мне нужна твоя поддержка, а не едкая критика. Ты ведешь себя крайне жестоко по отношению к женщине, которую якобы любишь!",Эскалация,Средняя,Грусть,Разочарование,Личность
"Да мне плевать на твои оправдания, ты опять просадил все деньги с нашего накопительного счета на свои авантюры! Ты совершенно ненадежный человек, у которого нет ни капли совести и ответственности перед близкими. Уходи сейчас же, я не хочу больше иметь ничего общего с таким патологическим лжецом!",Пик,Высокая,Гнев,Злость,Деньги
"Я сегодня осознала, что зря ревновала тебя к той новой коллеге в офисе, она просто помогает тебе с проектом. Прости за мои беспочвенные сцены и подозрения, я просто слишком сильно дорожу тобой и иногда теряю рассудок. Давай забудем этот неприятный эпизод и проведем вечер в покое и нежности.",Разрешение,Средняя,Социальные,Раскаяние,Ревность
"Твои друзья опять устроили в нашей квартире настоящий притон, а мне завтра рано вставать на очень важную встречу. Почему ты позволяешь им так бесцеремонно нарушать мой покой и превращать наш дом в общежитие? Я чувствую, что мои элементарные потребности в этом доме стоят на самом последнем месте.",Предконфликтная,Низкая,Гнев,Неодобрение,Друзья
"Я заметил, что ты стала часто задерживаться на каких-то «курсах» и приходить домой в подозрительно приподнятом настроении. Это очень странно выглядит со стороны, и у меня закрадываются мысли, которые я боюсь даже озвучить вслух. Пожалуйста, будь со мной честна — у нас еще есть шанс спасти наши отношения?",Инцидент,Высокая,Страх,Страх,Внимание
"Хватит орать на детей из-за каждой пролитой капли сока, они же маленькие и только познают мир! Ты приходишь с работы в дурном настроении и сразу начинаешь срывать свою злость на самых беззащитных. Твоя неоправданная агрессия на пустом месте просто выматывает всю нашу семью.",Эскалация,Средняя,Гнев,Раздражение,Дети
"Я просто не могу поверить, что всё, о чем мы мечтали вначале, так быстро рассыпалось в прах из-за мелочных обид. Мы же обещали друг другу быть вместе и в горе, и в радости, а теперь даже не можем спокойно поужинать. У меня сердце разрывается от боли и осознания того, что мы сами всё разрушили.",Инцидент,Высокая,Грусть,Горе/Грусть,Личность
"Спасибо, что поддержала мою идею со сменой работы, хотя это был большой риск для нашего общего бюджета. Я знаю, как тебе было тревожно, но ты не подала виду и верила в меня до самого конца. Я бесконечно ценю твою веру в мои силы, ты — моё главное вдохновение и опора.",Разрешение,Средняя,Позитив,Признательность/Радость,Деньги
"Опять в ванной гора твоих разбросанных тюбиков и волос, которые ты никогда не убираешь за собой после мытья. Тебе что, так трудно потратить полминуты на чистоту в общем пространстве, где мы оба бываем? Это просто элементарная культура быта, которой тебе явно не хватает, и меня это уже бесит.",Предконфликтная,Низкая,Гнев,Раздражение,Быт
"Ты обещал, что мы сходим в театр в эти выходные, а в итоге опять всё отменил из-за внезапных планов твоей сестры. Я так ждала этого вечера, купила новое платье, а ты просто вычеркнул меня из своего расписания. Мне очень больно понимать, что я для тебя всегда на вторых ролях после твоих родственников.",Инцидент,Средняя,Грусть,Обида,Внимание
"Какого черта ты опять пригласил своего брата пожить у нас недельку, даже не удосужившись спросить моего мнения?! Это наш общий дом, и я имею право голоса в том, кто в нем будет находиться длительное время. Твое самоуправство в семейных делах меня просто доводит до белого каления!",Эскалация,Высокая,Гнев,Неодобрение,Родня
"Убирайся прочь со своими лживыми извинениями, я видела твою тайную переписку с бывшей женой! Ты подлый лжец, который всё это время клялся в любви мне, пока за моей спиной обсуждал наши проблемы с ней. Я подаю на развод и больше не хочу видеть тебя ни одной секунды в своей жизни!",Пик,Высокая,Гнев,Злость,Ревность
"Я сегодня понял, что был неправ, когда критиковал твоё стремление пойти на те психологические курсы. Ты права — нам обоим нужно учиться разговаривать друг с другом, и я готов меняться ради нашего союза. Давай обсудим, как мы будем оплачивать обучение, я очень хочу тебя поддержать в этом.",Разрешение,Низкая,Позитив,Одобрение,Личность
"Твои друзья опять курят на кухне, хотя я сто раз просила этого не делать из-за аллергии нашего ребенка. Почему ты не можешь проявить твердость и попросить их соблюдать элементарные правила в нашем доме? Я чувствую, что моё здоровье и здоровье нашего сына для тебя менее важно, чем мнение твоих приятелей.",Предконфликтная,Средняя,Гнев,Неодобрение,Друзья
"Я заметила, что ты стал удалять все логи вызовов и переворачивать телефон экраном вниз каждый раз, когда я захожу. Это поведение человека, который ведет двойную жизнь и панически боится быть разоблаченным в измене. Пожалуйста, имей мужество признаться честно, что происходит, я не могу больше жить в этом страхе.",Инцидент,Высокая,Страх,Напряжение/Нервозность,Ревность
"Хватит контролировать каждый мой рубль и требовать отчета за каждую покупку в детском магазине! Я не нахлебница, а полноценный член семьи, и я сама знаю, что нужно нашим детям для нормальной жизни. Твоя мелочность и подозрительность в финансовых вопросах просто душат меня как женщину.",Эскалация,Средняя,Гнев,Раздражение,Деньги
"Я просто хочу, чтобы ты ушел в другую комнату и оставил меня одну, у меня нет сил даже на слезы после этой ссоры. Внутри всё просто выгорело, и мне сейчас абсолютно всё равно, что ты там пытаешься мне доказать. Давай просто помолчим хотя бы до завтра, мне жизненно необходимо прийти в себя в тишине.",Предконфликтная,Низкая,Нейтральные,Нейтральность,Личность
"Как же я счастлив, что мы смогли найти в себе силы простить друг друга и снова начать строить наше общее гнездышко. Ты — самая удивительная и мудрая женщина на свете, и я бесконечно благодарен судьбе за наш союз. Я люблю тебя всем сердцем и обещаю, что больше никогда не дам повода усомниться в моей верности.",Разрешение,Высокая,Позитив,Любовь,Личность
"Опять ты не убрала за собой крошки со стола, хотя это минутное дело, которое сделало бы утро приятнее. Мне кажется, я говорю на другом языке, потому что мои просьбы о порядке игнорируются систематически. Это мелкое неуважение к моему труду по дому в итоге перерастет во что-то большее, поверь мне.",Предконфликтная,Низкая,Гнев,Раздражение,Быт
"Ты обещал, что мы сходим на концерт твоей любимой группы вместе, а в итоге отдал мой билет своему коллеге. Я так хотела разделить с тобой этот момент, а ты просто вычеркнул меня, даже не посоветовавшись. Мне очень больно осознавать, что мои чувства и желания для тебя значат так мало.",Инцидент,Средняя,Грусть,Обида,Внимание
"Какого черта ты опять обсуждаешь наши финансовые трудности со своей матерью по телефону в моем присутствии?! Это наше личное дело, и я не хочу, чтобы посторонние люди, пусть даже родственники, знали о наших проблемах. Твое неумение держать язык за зубами просто выводит меня из себя и подрывает всякое доверие!",Эскалация,Высокая,Гнев,Неодобрение,Родня
"Убирайся прочь из моей жизни, я видела видео с камер наблюдения, и не смей врать, что это была «просто знакомая»! Ты лживый подонок, который предал меня в самый тяжелый момент, когда мне так нужна была твоя поддержка. Я подаю на развод сегодня же, и больше ты не увидишь ни меня, ни наших детей!",Пик,Высокая,Гнев,Злость,Ревность
"Я сегодня понял, что был слишком категоричен по поводу твоего желания сменить сферу деятельности и уйти из офиса. Ты права — жизнь слишком коротка, чтобы тратить её на нелюбимое дело, и я поддержу тебя в любых начинаниях. Давай вместе подумаем над твоим новым бизнес-планом, я верю в твой успех.",Разрешение,Низкая,Позитив,Одобрение,Личность
"Твои друзья опять оставили после себя гору немытой посуды и запах табака во всей нашей однокомнатной квартире. Почему ты не можешь попросить их вести себя приличнее в гостях, неужели мой комфорт тебе совсем безразличен? Я чувствую, что в этом доме я просто функция по уборке за твоей шумной компанией.",Предконфликтная,Средняя,Гнев,Неодобрение,Друзья
"Я заметила, что ты стал ставить пароли на все приложения и вздрагивать каждый раз, когда я подхожу к твоему компьютеру. Это поведение человека, который ведет тайную переписку и очень боится быть пойманным на измене или обмане. Пожалуйста, скажи мне честно — что происходит, я не могу больше жить в этой гнетущей неизвестности.",Инцидент,Высокая,Страх,Страх,Ревность
"Хватит орать на меня из-за того, что я потратила деньги на развивающие игры для нашего ребенка без твоего спроса! Это инвестиция в его будущее, а не прихоть, и я имею право решать такие вопросы самостоятельно как мать. Твоя патологическая скупость в отношении детей просто вымораживает меня до глубины души.",Эскалация,Средняя,Гнев,Раздражение,Деньги
"Я просто хочу тишины и чтобы меня никто не трогал хотя бы пару часов, у меня нет сил на бесконечные разборки. Вся эта ситуация с нашими вечными ссорами вымотала меня настолько, что я чувствую себя абсолютно опустошенным. Давай просто разойдемся по разным углам и помолчим, иначе я просто сойду с ума.",Предконфликтная,Низкая,Нейтральные,Нейтральность,Личность
"Как же я рада, что мы смогли сесть и спокойно обсудить все те обиды, которые копились в нас годами. Ты — самый близкий и дорогой мне человек, и я очень боюсь тебя потерять из-за каких-то глупых недоразумений. Я люблю тебя всё сильнее с каждым днем и очень ценю то, что мы всё еще вместе.",Разрешение,Высокая,Позитив,Любовь,Личность
"Опять ты не предупредил, что твоя мама приедет к нам на все выходные, и я узнаю об этом в последний момент. У меня были свои планы на этот отдых, и я не готова проводить его у плиты, обслуживая твоих родственников. Почему ты никогда не считаешься с моим мнением и личным пространством в нашем общем доме?",Предконфликтная,Низкая,Гнев,Раздражение,Родня
"Почему ты никогда не говоришь мне комплименты, почему я должна выпрашивать у тебя каждое доброе слово? Я стараюсь быть для тебя привлекательной, а в ответ вижу только равнодушный взгляд и вечные придирки к быту. Мне очень больно осознавать, что я для тебя стала просто привычным фоном, а не любимой женщиной.",Инцидент,Средняя,Грусть,Обида,Внимание
"Твои постоянные поучения, как мне водить машину, просто доводят меня до истерики на каждом светофоре! Я за рулем уже не первый год и прекрасно справляюсь без твоих ценных указаний и едких комментариев. Хватит меня контролировать в каждой мелочи, иначе я просто больше никогда не сяду за руль в твоем присутствии!",Эскалация,Средняя,Гнев,Раздражение,Контроль
"Да мне плевать на твои обещания измениться, ты опять пропил все деньги, которые мы откладывали на лечение ребенка! Ты бездушный эгоист, для которого собственные слабости важнее здоровья собственного сына, и я этого никогда не прощу. Собирай свои манатки и вали к своим собутыльникам, я больше тебя знать не хочу!",Пик,Высокая,Гнев,Злость,Деньги
"Я сегодня осознала, что была слишком сурова к тебе из-за того беспорядка в гараже, который ты устроил. Ты просто был увлечен своим проектом, и это на самом деле здорово, что у тебя есть такое хобби, которое тебя радует. Прости за мои крики, давай я помогу тебе там прибраться, и мы вместе доделаем ту полку.",Разрешение,Средняя,Социальные,Осознание,Быт
"Твои друзья опять зовут тебя в бар в наш единственный совместный выходной, и ты, конечно же, не можешь отказать. Для тебя компания приятелей всегда в приоритете, а наши отношения — это то, что подождет до лучших времен. Я чувствую себя абсолютно заброшенной и неважной в твоей системе жизненных ценностей.",Предконфликтная,Низкая,Гнев,Неодобрение,Друзья
"Я заметил, что ты стала очень часто задерживаться на «совещаниях» и возвращаться домой с подозрительным блеском в глазах. Если у тебя появился кто-то другой — имей смелость сказать это прямо, не делай из меня посмешище перед всеми знакомыми. Мне очень страшно потерять тебя, но жить в постоянной лжи я больше не в состоянии.",Инцидент,Высокая,Страх,Страх,Внимание
"Хватит орать на меня из-за того, что я не успела приготовить ужин к твоему приходу из-за завала на работе! Я тоже работаю и тоже устаю, и я не обязана быть твоей личной кухаркой по первому твоему требованию. Твоя неоправданная агрессия на пустом месте просто убивает во мне всякое желание заботиться о тебе.",Эскалация,Средняя,Гнев,Раздражение,Быт
"Я просто хочу, чтобы ты меня обнял и больше никогда не отпускал, мне так страшно за наше общее будущее. Все эти ссоры и недомолвки разрушают меня изнутри, и я чувствую, что мы стремительно теряем друг друга. Пожалуйста, побудь со мной рядом сегодня, мне очень нужно почувствовать, что мы всё еще одна семья.",Инцидент,Высокая,Страх,Напряжение/Нервозность,Личность
"Спасибо, что поддержал меня в моем решении уволиться с той токсичной работы, несмотря на наши финансовые обязательства. Я знала, что могу на тебя положиться, но твоя уверенная поддержка превзошла все мои самые смелые ожидания. Я бесконечно тебя люблю и ценю твою веру в мои способности найти что-то по-настоящему достойное.",Разрешение,Средняя,Позитив,Признательность/Радость,Деньги
"Опять в раковине гора грязной посуды, хотя сегодня твоя очередь наводить порядок на кухне. Тебе что, так сложно потратить десять минут на чистоту в доме, где мы оба живем и едим? Твоя лень и пренебрежение нашими договоренностями по быту меня уже просто выводят из равновесия.",Предконфликтная,Низкая,Гнев,Раздражение,Быт
"Ты обещал, что мы сходим в парк с детьми в это воскресенье, а в итоге опять весь день пролежал на диване с телефоном. Им так нужно твое внимание, а ты отделываешься от них мультфильмами и обещаниями на «потом». Мне очень горько видеть их разочарованные лица из-за твоей вечной необязательности и апатии.",Инцидент,Средняя,Грусть,Разочарование,Дети
"Какого черта ты опять обсуждаешь мои личные проблемы со своим братом за моей спиной, это же верх бестактности! Это касается только меня, и я не давала тебе разрешения выносить это на обсуждение в кругу твоих родственников. Твое неумение хранить мои секреты просто убивает всё доверие, которое у меня к тебе оставалось!",Эскалация,Высокая,Гнев,Неодобрение,Личность
"Убирайся вон из моей квартиры, я видела твое фото с той девицей на пляже, и не смей говорить, что это «просто коллега»! Ты лживый и подлый изменник, который всё это время пользовался моим доверием и добротой ради своих интрижек. Я подаю на развод сегодня же, и больше ты не увидишь ни меня, ни наших общих детей!",Пик,Высокая,Гнев,Злость,Ревность
"Я сегодня понял, что был неправ, когда критиковал твое желание заняться живописью и тратить деньги на холсты. Ты так преображаешься, когда рисуешь, и это на самом деле делает тебя счастливой, а значит, и меня тоже. Прости за моё ворчание, я завтра же куплю тебе тот мольберт, о котором ты мечтала.",Разрешение,Низкая,Позитив,Одобрение,Личность
"Твои друзья опять устроили в нашем доме шумную вечеринку, хотя я просила тебя сегодня соблюдать тишину из-за моей мигрени. Почему ты никогда не считаешься с моим самочувствием и ставишь комфорт своих приятелей выше здоровья собственной жены? Я чувствую себя абсолютно лишней в собственном доме, когда здесь собирается твоя компания.",Предконфликтная,Средняя,Гнев,Неодобрение,Друзья
"Я заметила, что ты стал удалять все переписки в телеграме и ставишь пароль даже на заметки в телефоне. Это поведение человека, который ведет тайную жизнь и панически боится быть разоблаченным в измене или крупном обмане. Пожалуйста, скажи мне честно — у нас еще есть что-то общее, или ты уже давно мысленно с другой?",Инцидент,Высокая,Страх,Напряжение/Нервозность,Ревность
"Хватит попрекать меня каждой копейкой, которую я трачу на себя, когда ты спускаешь огромные суммы на свои компьютерные игры! Я тоже зарабатываю и имею право на свои маленькие радости без твоего вечного контроля и осуждения. Твоя финансовая деспотия просто вымораживает меня как женщину и личность.",Эскалация,Средняя,Гнев,Раздражение,Деньги
"Я просто хочу, чтобы ты меня крепко обнял и ничего не говорил, мне сейчас очень страшно потерять то, что мы строили годами. Все эти ссоры и крики кажутся таким ничтожным по сравнению с мыслью, что мы можем расстаться навсегда. Пожалуйста, побудь со мной рядом сегодня, мне жизненно необходимо почувствовать твое тепло.",Инцидент,Высокая,Страх,Страх,Личность
"Спасибо, что поддержала меня в моем решении заняться спортом и даже купила мне годовой абонемент в зал. Я знаю, как мне было трудно начать, но твоя вера в мои силы придала мне необходимый импульс для перемен. Ты — моя главная опора и вдохновение, и я бесконечно тебя люблю за твою доброту.",Разрешение,Средняя,Позитив,Любовь,Внимание
"Опять в ванной гора твоих мокрых полотенец на полу, хотя я сто раз просил вешать их на сушилку. Тебе что, так сложно проявить элементарную заботу о порядке в нашем общем доме и уважение к моему труду? Это мелкое свинство в итоге разрушит наше терпение, если ты не начнешь за собой следить.",Предконфликтная,Низкая,Гнев,Раздражение,Быт
"Ты обещал, что мы сходим в ресторан на нашу годовщину, а в итоге опять забыл забронировать столик и предложил заказать пиццу. Мне так хотелось праздника и твоего внимания, а ты просто наплевал на все мои ожидания и мечты об этом вечере. Мне очень обидно быть для тебя настолько привычным и не заслуживающим усилий фактором в жизни.",Инцидент,Средняя,Грусть,Обида,Внимание
"Какого черта ты опять пригласил свою сестру пожить у нас без моего ведома, зная, как у нас натянуты с ней отношения?! Это наш общий дом, и я имею право голоса в том, кто будет находиться в нем сутками напролет. Твое пренебрежение моим комфортом ради родственников меня просто доводит до белого каления!",Эскалация,Высокая,Гнев,Неодобрение,Родня
"Убирайся прочь из моей жизни, я видела твой профиль на сайте знакомств с фотографиями из нашего общего отпуска! Ты подлый и мерзкий лжец, который всё это время играл на моих чувствах, пока искал себе кого-то получше на стороне. Я подаю на развод сегодня же, и больше ты не увидишь ни меня, ни детей!",Пик,Высокая,Гнев,Злость,Ревность
"Я сегодня поняла, что была слишком сурова к тебе из-за тех пролитых капель кофе на мой новый светлый ковер. Это всего лишь вещь, а наши отношения гораздо важнее, и я не должна была так сильно кричать на тебя из-за пустяка. Прости меня за мою несдержанность, давай просто вместе почистим его и забудем об этом инциденте.",Разрешение,Низкая,Социальные,Раскаяние,Быт
"Твои друзья опять зовут тебя на охоту в мой единственный выходной, когда мы планировали поехать в Икею за новой мебелью. Почему ты всегда выбираешь свои увлечения и компанию приятелей вместо того, чтобы уделить время нашему общему быту? Я чувствую себя абсолютно заброшенной и неважной в твоем списке жизненных приоритетов.",Предконфликтная,Низкая,Гнев,Неодобрение,Друзья
"Я заметил, что ты стала очень нервно реагировать на любые мои вопросы о твоем дне и постоянно прячешь взгляд. Это поведение человека, который ведет двойную игру и панически боится, что его секреты выплывут наружу в самый неподходящий момент. Пожалуйста, скажи мне честно — у тебя кто-то есть, или я просто накручиваю себя зря?",Инцидент,Высокая,Страх,Страх,Ревность
"Хватит попрекать меня тем, что я трачу много денег на занятия йогой, когда ты сам спускаешь целое состояние на свои запчасти! Моё здоровье и душевное спокойствие важны для нашей семьи не меньше, чем твоя машина, имей это в виду. Твой вечный контроль над моими личными расходами просто убивает во мне всякое желание быть с тобой.",Эскалация,Средняя,Гнев,Раздражение,Деньги
"Я просто хочу, чтобы ты меня сейчас обнял и ничего не спрашивал, мне так плохо и одиноко внутри. Вся эта череда бесконечных ссор и взаимных обвинений лишила меня всех сил и веры в наше общее счастье. Пожалуйста, побудь со мной рядом в тишине, мне сейчас жизненно необходимо твое тепло.",Инцидент,Высокая,Грусть,Горе/Грусть,Личность
"Спасибо, что починил мне машину и даже заправил полный бак, это была такая приятная неожиданность сегодня утром. Я вижу, как ты заботишься обо мне в мелочах, и это делает меня самой счастливой женщиной на свете. Ты у меня самый лучший и внимательный муж, и я очень тебя люблю.",Разрешение,Средняя,Позитив,Признательность/Радость,Быт
"Опять в холодильнике шаром покати, хотя ты обещал зайти за самым необходимым по пути из спортзала. Теперь нам придется либо голодать, либо тратить лишние деньги на ночную доставку готовой еды. Пожалуйста, будь чуть более ответственным в бытовых вопросах, я ведь тоже на тебя рассчитываю.",Предконфликтная,Низкая,Гнев,Раздражение,Быт
"Почему ты обсуждаешь наши интимные проблемы со своими подругами за чашкой кофе, это же верх бестактности! То, что происходит в нашей спальне, должно оставаться только между нами двумя, а не становиться темой для сплетен. Твое неумение держать личное при себе просто убивает всё доверие и желание быть с тобой откровенным.",Инцидент,Средняя,Гнев,Обида,Секс
"Ты постоянно сравниваешь нашу дочь с детьми своих успешных подруг, и это просто невыносимо слышать каждый божий день. Каждому ребенку нужен свой темп и безусловная любовь матери, а не вечные попреки и завышенные ожидания. Перестань на неё давить, иначе она совсем замкнется в себе и возненавидит любые твои советы!",Эскалация,Средняя,Страх,Напряжение/Нервозность,Дети
"Да пошел ты к черту со своим тотальным контролем, я буду встречаться с кем хочу и когда захочу! Ты мне не хозяин, чтобы диктовать, с кем мне дружить и какие курсы посещать в свободное от работы время. Я больше не позволю тебе превращать мою жизнь в бесконечную череду отчетов и оправданий за каждый мой шаг!",Пик,Высокая,Гнев,Злость,Контроль
"Я сегодня поняла, что была слишком холодна с тобой после твоей неудачи с тем крупным бизнес-проектом. Прости меня, я просто сама испугалась за нашу финансовую стабильность и не нашла в себе сил тебя поддержать. Я очень горжусь твоим упорством и верю, что в следующий раз у тебя всё обязательно получится.",Разрешение,Средняя,Социальные,Эмпатия,Деньги
"Твои друзья опять отпускают едкие шуточки по поводу моей внешности, а ты сидишь и молчишь, будто так и надо. Мне очень неприятно это слышать, я чувствую себя какой-то мишенью для вашего коллективного остроумия. Пожалуйста, попроси их выбирать выражения, если ты ценишь моё достоинство и наше совместное будущее.",Предконфликтная,Низкая,Гнев,Неодобрение,Друзья
"Я увидела в твоем кармане чек из магазина женского белья, но у меня нет никаких обновок, и праздник еще не скоро. У меня внутри всё похолодело — для кого этот подарок, если не для меня, твоей законной жены? Пожалуйста, скажи правду прямо сейчас, я не вынесу больше никакой лжи и твоих нелепых отговорок.",Инцидент,Высокая,Страх,Страх,Ревность
"Хватит попрекать меня тем, что ты больше зарабатываешь и платишь за все наши развлечения и поездки! Я тоже работаю на износ и занимаюсь воспитанием детей, мой вклад в семью не менее важен, чем твой денежный. Твое высокомерие и отношение ко мне как к приживалке просто оскорбительны и разрушают нашу любовь.",Эскалация,Средняя,Гнев,Раздражение,Деньги
"Я просто хочу, чтобы этот кошмарный вечер поскорее закончился, у меня нет сил даже на разговор после этой ссоры. Внутри какая-то звенящая пустота и полное безразличие ко всему, что ты сейчас пытаешься мне доказать. Давай просто разойдемся по разным комнатам и помолчим до утра, мне жизненно необходимо прийти в себя.",Предконфликтная,Низкая,Нейтральные,Нейтральность,Личность
"Как же я счастлив, что мы смогли преодолеть все те взаимные обиды и снова начать доверять друг другу как прежде. Ты — самая удивительная и мудрая женщина на всём белом свете, и я бесконечно благодарен судьбе за наш брак. Я люблю тебя всем сердцем и обещаю беречь наше хрупкое счастье от любых жизненных бурь.",Разрешение,Высокая,Позитив,Любовь,Личность
"Опять ты не предупредила, что задержишься на девичнике, и я два часа ждал тебя с праздничным ужином. Моё время и мои чувства тоже имеют значение, и я не обязан сидеть и гадать, когда ты соизволишь вернуться. Пожалуйста, начни проявлять хоть каплю уважения к моему беспокойству о тебе и нашему общему времени.",Предконфликтная,Низкая,Гнев,Раздражение,Внимание
"Почему ты никогда не советуешься со мной, когда принимаешь важные решения по поводу воспитания наших детей? Ты просто ставишь меня перед фактом выбора школы или кружков, и это очень обидно для полноценного отца. Мы же партнеры в родительстве, а не просто соседи по квартире, я тоже хочу иметь право голоса!",Инцидент,Средняя,Грусть,Обида,Дети
"Твои постоянные придирки к моей манере общения с твоими родственниками меня просто доводят до бешенства! Я всегда стараюсь быть вежливой, но твоя критика на каждом шагу делает ситуацию только более напряженной. Хватит меня контролировать в каждом моем слове, иначе я просто перестану с ними видеться совсем!",Эскалация,Средняя,Гнев,Раздражение,Родня
"Да мне плевать на твои оправдания, ты опять потратил все деньги с кредитной карты на свои дурацкие азартные игры! Ты конченый и совершенно ненадежный человек, у которого нет ни капли совести перед собственной семьей. Собирай свои вещи прямо сейчас и чтобы я тебя больше никогда не видела в этом доме!",Пик,Высокая,Гнев,Злость,Деньги
"Я сегодня осознала, что зря так сильно ревновала тебя к той новой секретарше в вашем офисе. Ты действительно любишь только меня, и твои поступки говорят об этом гораздо громче любых слов и моих подозрений. Прости за мои глупые сцены, давай забудем этот инцидент и просто насладимся этим вечером вдвоем.",Разрешение,Средняя,Социальные,Раскаяние,Ревность
"Твои друзья опять оставили после себя гору мусора и запах дешевого пива на моем любимом диване в гостиной. Я не нанималась в клининговую службу для твоих приятелей, пусть они в следующий раз убирают за собой сами! Почему ты позволяешь им так по-свински относиться к нашему общему жилью и моему труду?",Предконфликтная,Низкая,Гнев,Неодобрение,Друзья
"Я заметил, что ты стала очень часто задерживаться на «работе» и возвращаться домой в подозрительно приподнятом настроении. Это очень странно выглядит со стороны, и у меня закрадываются мысли, которые я боюсь даже произносить вслух. Пожалуйста, будь со мной честна — у нас еще есть что-то общее, или наши чувства уже давно остыли?",Инцидент,Высокая,Страх,Страх,Внимание
"Хватит орать на детей из-за того, что они шумят и мешают тебе смотреть телевизор после рабочего дня! Они просто играют, им нужно твое внимание, а ты вечно раздражен и не в духе в их присутствии. Твоя неоправданная агрессия на пустом месте просто выматывает всю нашу семью и пугает детей.",Эскалация,Средняя,Гнев,Раздражение,Дети
"Я просто не могу поверить, что всё это происходит с нами на самом деле, будто в каком-то дурном сне. Мы же были так счастливы всего год назад, куда всё ушло, почему теперь между нами только боль и упреки? У меня сердце разрывается от осознания того, что мы сами своими руками разрушили наше светлое будущее.",Инцидент,Высокая,Грусть,Горе/Грусть,Личность
"Опять в ванной гора твоих разбросанных тюбиков и волос, которые ты никогда не убираешь за собой. Тебе что, так сложно потратить полминуты на то, чтобы оставить раковину чистой для меня? Это просто элементарное неуважение к моему комфорту и порядку в нашем общем доме.",Предконфликтная,Низкая,Гнев,Раздражение,Быт
"Ты обещал, что мы сходим на премьеру в эти выходные, а в итоге опять всё отменил из-за «срочных» дел в гараже. Я так ждала этого вечера, подготовилась, а ты просто вычеркнул меня из своего расписания ради железяк. Мне очень больно понимать, что я для тебя всегда на вторых ролях после твоих бесконечных хобби.",Инцидент,Средняя,Грусть,Обида,Внимание
"Какого черта ты опять пригласил своего брата пожить у нас недельку, даже не удосужившись спросить моего согласия?! Это наш общий дом, и я имею право голоса в том, кто будет находиться в нем круглосуточно на протяжении долгого времени. Твое самоуправство в таких вопросах меня просто доводит до бешенства!",Эскалация,Высокая,Гнев,Неодобрение,Родня
"Убирайся прочь со своими лживыми извинениями, я видела твою тайную переписку с той девицей из соцсетей! Ты подлый лжец, который всё это время клялся мне в верности, пока за моей спиной искал себе новые приключения. Я подаю на развод сегодня же, и больше ты не увидишь ни меня, ни наших общих детей!",Пик,Высокая,Гнев,Злость,Ревность
"Я сегодня понял, что был слишком категоричен по поводу твоего желания сменить работу и уйти из найма в свободное плавание. Ты права — жизнь слишком коротка для нелюбимого дела, и я поддержу тебя в любых твоих начинаниях и рисках. Давай вместе продумаем твой новый план развития, я очень хочу быть частью твоего будущего успеха.",Разрешение,Низкая,Позитив,Одобрение,Личность
"Твои друзья опять курят прямо на кухне, хотя я сто раз просила их выходить на балкон из-за моей аллергии. Почему ты не можешь проявить твердость и защитить моё здоровье в нашем собственном доме от капризов приятелей? Я чувствую, что моё самочувствие для тебя значит гораздо меньше, чем одобрение твоей шумной компании.",Предконфликтная,Средняя,Гнев,Неодобрение,Друзья
"Хватит контролировать каждую копейку в моем кошельке и требовать чеки за любой поход в магазин за продуктами! Я не маленькая девочка, а взрослая женщина, и я сама знаю, как распоряжаться семейным бюджетом на нужды дома. Твоя патологическая скупость и подозрительность в деньгах просто душат меня как твою жену.",Эскалация,Средняя,Гнев,Раздражение,Деньги
"Какого черта ты опять обсуждаешь наши семейные неурядицы со своей матерью по видеосвязи в моем присутствии?! Это наше сугубо личное дело, и я категорически против того, чтобы родственники знали о каждой нашей ссоре. Твое неумение держать язык за зубами просто выводит меня из себя и окончательно подрывает доверие!",Эскалация,Высокая,Гнев,Неодобрение,Родня
"Убирайся прочь из моей жизни прямо сейчас, я видела запись с регистратора, и не смей врать, что это была «случайная попутчица»! Ты лживый подонок, который предал меня в самый уязвимый момент, когда я больше всего нуждалась в твоей верности. Я подаю на развод сегодня же, и больше ты не увидишь ни меня, ни наших детей никогда!",Пик,Высокая,Гнев,Злость,Ревность
"Я сегодня понял, что был слишком категоричен в своих суждениях о твоем хобби и зря называл это пустой тратой времени. Ты так светишься от радости, когда возвращаешься со своих занятий, и это делает нашу атмосферу в доме гораздо теплее. Прости за моё ворчание, я завтра же помогу тебе выбрать новый набор для творчества, о котором ты мечтала.",Разрешение,Низкая,Позитив,Одобрение,Личность
"Твои друзья опять оставили после себя гору немытой посуды и стойкий запах перегара в нашей маленькой квартире. Почему ты не можешь попросить их вести себя чуть приличнее, неужели моё право на покой тебе совсем не важно? Я чувствую себя в этом доме просто бесплатной горничной для твоей вечно шумящей компании приятелей.",Предконфликтная,Средняя,Гнев,Неодобрение,Друзья
"Я заметила, что ты стал ставить сложные пароли на все мессенджеры и вздрагивать каждый раз, когда я случайно беру твой телефон. Это типичное поведение мужчины, который ведет тайную переписку на стороне и очень боится разоблачения. Пожалуйста, скажи мне честно — что происходит в нашей жизни, я не могу больше жить в этой гнетущей лжи.",Инцидент,Высокая,Страх,Страх,Ревность
"Хватит орать на меня из-за того, что я купила новую одежду нашему ребенку без твоего предварительного согласия! Это предметы первой необходимости, а не роскошь, и я имею право решать такие вопросы как мать самостоятельно. Твоя патологическая скупость в отношении нужд сына просто вымораживает меня и доводит до отчаяния.",Эскалация,Средняя,Гнев,Раздражение,Деньги
"Я просто хочу, чтобы меня никто не трогал хотя бы до утра, у меня больше нет сил на бесконечные выяснения кто прав, а кто виноват. Вся эта ситуация с нашими постоянными конфликтами вымотала меня настолько, что я чувствую полное эмоциональное выгорание. Давай просто поспим в разных комнатах сегодня, иначе я просто сорвусь на крик.",Предконфликтная,Низкая,Нейтральные,Нейтральность,Личность
"Как же я рада, что мы наконец-то смогли сесть за стол переговоров и спокойно обсудить все те обиды, что копились годами. Ты — самый близкий и дорогой мне человек на этой планете, и я очень боюсь потерять нашу связь из-за ерунды. Я люблю тебя всё сильнее с каждым прожитым днем и бесконечно ценю то, что мы всё еще вместе.",Разрешение,Высокая,Позитив,Любовь,Личность
"Опять ты не предупредила, что твоя сестра заглянет к нам на ужин «просто так», когда я планировал отдохнуть после смены. У меня был очень тяжелый день, и я не готов к светским беседам и приему гостей в своем доме без предупреждения. Почему ты никогда не учитываешь моё состояние и потребность в тишине в нашем общем жилом пространстве?",Предконфликтная,Низкая,Гнев,Раздражение,Родня
"Почему ты никогда не даришь мне цветы просто так, почему я должна напоминать тебе о каждом празднике заранее? Я хочу чувствовать себя желанной и любимой, а не просто функцией по обслуживанию твоего быта и воспитанию детей. Мне очень больно осознавать, что вся романтика в наших отношениях окончательно испарилась из-за твоего равнодушия.",Инцидент,Средняя,Грусть,Обида,Внимание
"Твои бесконечные поучения, как мне общаться с моими собственными родителями, просто выводят меня из равновесия! Я сама разберусь в своих семейных связях без твоих ценных советов и постоянного вмешательства в наши диалоги. Хватит меня контролировать в каждом моем шаге, иначе я просто закроюсь от тебя окончательно и навсегда!",Эскалация,Средняя,Гнев,Раздражение,Контроль
"Да мне плевать на твои обещания больше не играть, ты опять просадил все деньги, отложенные на ремонт нашей спальни! Ты совершенно безответственный человек, для которого минутный азарт важнее комфорта и благополучия собственного дома. Собирай свои вещи прямо сейчас и уходи к тем, с кем ты проводишь ночи в казино, я с тобой завязала!",Пик,Высокая,Гнев,Злость,Деньги
"Я сегодня осознала, что была неоправданно строга к тебе из-за того беспорядка, который ты устроил на кухне во время готовки. Главное — это твое желание меня порадовать и твой труд, а посуду мы можем помыть и вместе за пять минут. Прости меня за мои резкие слова, ужин был просто великолепным, и я очень ценю твою заботу о моем настроении.",Разрешение,Низкая,Социальные,Раскаяние,Быт
"Твои друзья опять зовут тебя на рыбалку на все выходные, когда мы давно планировали поехать к моим родителям на дачу. Почему твои личные развлечения и желания приятелей всегда оказываются весомее наших совместных планов и обещаний? Я чувствую себя абсолютно неважной в твоем списке приоритетов, и это чувство с каждым разом только растет.",Предконфликтная,Низкая,Гнев,Неодобрение,Друзья
"Я заметил, что ты стала очень скрытной и вздрагиваешь каждый раз, когда я просто прохожу мимо твоего ноутбука. Это поведение человека, который ведет двойную игру на стороне и панически боится, что его секреты станут явными для партнера. Пожалуйста, будь со мной честна — у нас еще есть будущее, или я уже давно стал для тебя лишним в жизни?",Инцидент,Высокая,Страх,Страх,Ревность
"Хватит орать на меня из-за того, что я пришла домой на полчаса позже обычного из-за пробок на дорогах города! Я не в колонии строгого режима и не обязана отчитываться за каждую минуту своего отсутствия перед твоим вечным судом. Твоя необоснованная агрессия и желание всё контролировать просто убивают во мне всякое желание возвращаться домой.",Эскалация,Средняя,Гнев,Раздражение,Контроль
"Я просто хочу, чтобы ты меня крепко обнял и ничего не спрашивал, мне сейчас очень страшно потерять остатки нашей любви. Все эти крики и взаимные упреки кажутся такими ничтожными перед угрозой нашего окончательного расставания. Пожалуйста, побудь со мной рядом сегодня в тишине, мне жизненно необходимо почувствовать, что ты всё еще со мной.",Инцидент,Высокая,Страх,Напряжение/Нервозность,Личность
"Спасибо, что поддержал меня в моем решении начать свой бизнес, хотя это был огромный риск для всех наших сбережений. Я знала, что ты на моей стороне, но твоя непоколебимая вера в мой успех придала мне сил справиться со всеми трудностями. Я бесконечно тебя люблю и ценю твою надежность как мужа и самого близкого друга на свете.",Разрешение,Средняя,Позитив,Признательность/Радость,Деньги
"Опять ты не помыл за собой сковородку, и к утру она превратилась в настоящий арт-объект, который невозможно отмыть. Мне кажется, я прошу об элементарных вещах, но они разбиваются о твоё полное нежелание участвовать в бытовой жизни дома. Это мелкое пренебрежение моими просьбами в итоге приведет к большому взрыву, поверь мне на слово.",Предконфликтная,Низкая,Гнев,Раздражение,Быт
"Ты обещал, что мы проведем этот вечер только вдвоем, обсуждая наш будущий отпуск, а в итоге опять завис в онлайн-игре. Мои слова и наши общие планы для тебя явно стоят ниже, чем рейтинг в виртуальном мире среди незнакомых людей. Мне очень горько осознавать, что я для тебя — лишь фон, который всегда рядом и никуда не денется.",Инцидент,Средняя,Грусть,Обида,Внимание
"Какого черта ты опять без спроса взяла мою кредитку и потратила лимит на какие-то косметические процедуры?! У нас был четкий план расходов на месяц, и ты его просто разрушила одним своим импульсивным желанием. Твое легкомыслие в финансовых вопросах просто доводит меня до отчаяния и заставляет скрывать от тебя доходы!",Эскалация,Высокая,Гнев,Неодобрение,Деньги
"Убирайся прочь со своими лживыми клятвами в верности, я видела твой профиль на сайте знакомств с фото из нашей спальни! Ты подлый и мерзкий изменник, который всё это время пользовался моей добротой и доверием ради своих грязных интрижек. Я подаю на развод сегодня же, и больше ты не увидишь в своей жизни ни меня, ни наших детей!",Пик,Высокая,Гнев,Злость,Ревность
"Я сегодня понял, что был неправ, когда критиковал твое стремление пойти на курсы вождения и называл тебя «неспособной». Ты отлично справилась с первыми занятиями, и я вижу, как для тебя это важно — быть самостоятельной и мобильной. Прости за мой скептицизм, я завтра же помогу тебе выбрать лучшего инструктора в нашем районе.",Разрешение,Низкая,Позитив,Одобрение,Личность
"Твои друзья опять устроили в нашем доме шумную посиделку, хотя я просил тебя сегодня о тишине из-за моей подготовки к экзамену. Почему ты никогда не считаешься с моими важными этапами в жизни и ставишь комфорт приятелей выше моих целей? Я чувствую себя в этом доме абсолютно чужим человеком, чьи интересы никого не волнуют и не учитываются.",Предконфликтная,Средняя,Гнев,Неодобрение,Друзья
"Я заметила, что ты стала очень часто задерживаться на каких-то «дополнительных сменах» и возвращаться домой с подозрительным запахом чужого парфюма. Если у тебя кто-то появился — имей смелость признаться прямо сейчас, не делай из меня последнего дурака. Мне очень страшно потерять нашу семью, но жить в этой атмосфере лжи я больше не могу физически.",Инцидент,Высокая,Страх,Напряжение/Нервозность,Внимание
"Хватит попрекать меня каждой копейкой, которую я трачу на обучение нашего ребенка, это не прихоть, а вклад в его будущее! Ты зарабатываешь деньги для благополучия семьи, а не для того, чтобы контролировать каждый мой осознанный шаг. Твоя финансовая жадность и желание власти через деньги просто вызывают у меня чувство омерзения.",Эскалация,Средняя,Гнев,Раздражение,Деньги
"Я просто хочу, чтобы ты меня сейчас крепко обнял и ничего не говорил, мне так плохо и одиноко в нашей собственной квартире. Вся эта череда бесконечных конфликтов и взаимных упреков лишила меня всех жизненных сил и веры в любовь. Пожалуйста, побудь со мной рядом сегодня в тишине, мне жизненно необходимо почувствовать твою поддержку.",Инцидент,Высокая,Грусть,Горе/Грусть,Личность
"Спасибо, что поддержал меня в моем решении сменить профессию в тридцать лет, несмотря на все страхи и общественное мнение. Я знала, что ты мой лучший друг, но твоя вера в мои скрытые таланты придала мне сил начать всё с самого начала. Я бесконечно тебя люблю и ценю твою мудрость и терпение, проявленные в этот непростой для нас период.",Разрешение,Средняя,Позитив,Признательность/Радость,Личность
"Опять ты не убрал за собой остатки еды в комнате, и к утру по всей квартире стоит специфический запах, который меня раздражает. Тебе что, так трудно потратить одну минуту на то, чтобы отнести тарелку на кухню после ночного перекуса? Это элементарное отсутствие культуры совместного проживания, и я не намерена вечно быть твоей прислугой по уборке.",Предконфликтная,Низкая,Гнев,Раздражение,Быт
"Ты обещал, что мы сходим на выставку в эти выходные, а в итоге опять уехал помогать своему брату с его бесконечным переездом. Мои желания и наше совместное время для тебя всегда стоят на последнем месте после просьб твоих многочисленных родственников. Мне очень обидно осознавать, что я для тебя — лишь удобный вариант по остаточному принципу.",Инцидент,Средняя,Грусть,Обида,Родня
"Какого черта ты опять обсуждаешь наши интимные отношения со своей матерью по телефону в моем непосредственном присутствии?! Это наше сугубо личное дело, и я категорически против того, чтобы твои родственники знали о таких тонких подробностях. Твое абсолютное неумение держать личное в секрете просто выводит меня из себя и убивает всякое доверие!",Эскалация,Высокая,Гнев,Неодобрение,Секс
"Убирайся прочь из моей жизни прямо сейчас, я видела твой второй телефон с переписками, которые не оставляют сомнений в твоей измене! Ты подлый и мерзкий лицемер, который всё это время строил из себя верного супруга, пока предавал нашу общую мечту о семье. Я подаю на развод сегодня же, и больше ты не увидишь ни меня, ни наших детей никогда в жизни!",Пик,Высокая,Гнев,Злость,Ревность
"Я сегодня понял, что был слишком категоричен в своих суждениях о твоем новом увлечении танцами и зря называл это глупостью. Ты так преобразилась и стала гораздо увереннее в себе, и это на самом деле очень круто и вдохновляет меня тоже. Прости за моё ворчание и непонимание, я завтра же куплю тебе ту специальную обувь, о которой ты просила.",Разрешение,Низкая,Позитив,Одобрение,Личность
"Твои друзья опять устроили в нашем доме шумную посиделку, хотя я просила тебя сегодня о тишине из-за моего плохого самочувствия. Почему ты никогда не ставишь моё здоровье выше желаний своей компании приятелей, которые даже не убирают за собой? Я чувствую себя в этом доме абсолютно лишним человеком, чьи потребности стоят на самом последнем месте.",Предконфликтная,Средняя,Гнев,Неодобрение,Друзья
"Я заметила, что ты стала удалять все сообщения в мессенджерах и переворачивать телефон экраном вниз каждый раз, когда я захожу в комнату. Это поведение человека, который ведет тайную переписку на стороне и панически боится быть раскрытым своим партнером. Пожалуйста, будь со мной честна — что происходит в нашей жизни на самом деле, я не могу больше жить в этом страхе.",Инцидент,Высокая,Страх,Страх,Ревность
"Хватит попрекать меня каждой копейкой, которую я трачу на развивающие занятия для нашего сына, это вклад в его будущее, а не прихоть! Ты зарабатываешь деньги для благополучия всей семьи, а не для того, чтобы контролировать мой каждый шаг в воспитании. Твоя патологическая жадность и подозрительность в финансовых вопросах просто душат меня как твою жену.",Эскалация,Средняя,Гнев,Раздражение,Деньги
"Я просто хочу тишины и чтобы меня никто не трогал хотя бы до утра, у меня нет сил на бесконечные разборки кто прав, а кто виноват. Вся эта ситуация с нашими вечными ссорами вымотала меня морально настолько, что я чувствую полное эмоциональное опустошение. Давай просто помолчим сегодня, иначе я просто сойду с ума от этого бесконечного потока взаимных претензий.",Предконфликтная,Низкая,Нейтральные,Нейтральность,Личность
"Почему ты никогда не советуешься со мной, когда принимаешь важные решения по поводу смены нашей квартиры или других крупных трат? Ты просто ставишь меня перед фактом свершившегося выбора, и это очень обидно для равноправного партнера в браке. Мы же семья, а не корпорация с единоличным управлением, я тоже хочу иметь право голоса в нашем общем будущем!",Инцидент,Средняя,Грусть,Обида,Контроль
"Твои постоянные придирки к моей манере общения с твоими многочисленными родственниками меня просто доводят до бешенства на каждом семейном ужине! Я всегда стараюсь быть вежливой, но твоя критика в мой адрес делает ситуацию только более напряженной и неприятной. Хватит меня контролировать в каждом моем слове, иначе я просто перестану посещать ваши общие праздники!",Эскалация,Средняя,Гнев,Раздражение,Родня
"Да мне плевать на твои оправдания, ты опять просадил все деньги с нашего общего счета на свои сомнительные бизнес-проекты! Ты совершенно ненадежный и безответственный человек, для которого призрачная выгода важнее стабильности собственного дома. Собирай свои вещи прямо сейчас и уходи к тем, с кем ты проворачиваешь свои аферы, я с тобой окончательно завязала!",Пик,Высокая,Гнев,Злость,Деньги
"Я сегодня осознала, что была неоправданно строга к тебе из-за того беспорядка, который ты устроил в гостиной во время ремонта техники. Главное — это твое стремление всё починить самостоятельно, а пыль и гайки мы можем убрать и вместе за десять минут. Прости меня за мои резкие слова, ты действительно мастер на все руки, и я очень ценю твою заботу о нашем доме.",Разрешение,Низкая,Социальные,Раскаяние,Быт
"Твои друзья опять зовут тебя на охоту в мой единственный выходной, когда мы давно планировали съездить в магазин за новой одеждой. Почему твои личные развлечения и желания приятелей всегда оказываются важнее наших совместных бытовых планов и обещаний? Я чувствую себя абсолютно заброшенной и неважной в твоем списке приоритетов, и это чувство меня убивает.",Предконфликтная,Низкая,Гнев,Неодобрение,Друзья
"Хватит орать на меня из-за того, что я вернулась домой на полчаса позже обычного из-за неожиданной встречи с подругой! Я не в тюрьме и не обязана отчитываться за каждую минуту своего времени перед твоим вечным контролем и судом. Твоя необоснованная агрессия и желание всё знать просто убивают во мне всякое желание возвращаться в этот дом.",Эскалация,Средняя,Гнев,Раздражение,Контроль
"Спасибо, что поддержал меня в моем решении заняться своим хобби профессионально, несмотря на все риски и мои внутренние сомнения. Я знала, что ты на моей стороне, но твоя твердая уверенность в моем таланте придала мне сил справиться с первыми неудачами. Я бесконечно тебя люблю и ценю твою надежность как мужа и самого близкого и понимающего человека на свете.",Разрешение,Средняя,Позитив,Признательность/Радость,Личность
"Опять ты не помыл за собой чашку после кофе, и она присохла так, что её теперь невозможно очистить без усилий. Мне кажется, я прошу об элементарных вещах в быту, но они игнорируются тобой систематически и демонстративно. Это мелкое неуважение к моим просьбам в итоге приведет к огромному скандалу, поверь мне, моё терпение уже на пределе.",Предконфликтная,Низкая,Гнев,Раздражение,Быт
"Ты обещал, что мы проведем этот вечер только вдвоем, без гаджетов, а в итоге опять весь вечер просидел в новостных пабликах. Мои слова и наше совместное время для тебя явно стоят ниже, чем бесконечный поток информации из интернета. Мне очень горько осознавать, что я для тебя — лишь привычное дополнение к твоей жизни, которое всегда под рукой.",Инцидент,Средняя,Грусть,Обида,Внимание
"Какого черта ты опять без спроса взял мои личные деньги на покупку каких-то запчастей для своего компьютера?! У нас был четкий бюджет на этот месяц, и ты его просто разрушил одним своим импульсивным и эгоистичным желанием. Твое легкомыслие в финансовых вопросах семьи просто доводит меня до отчаяния и заставляет скрывать от тебя заначки!",Эскалация,Высокая,Гнев,Неодобрение,Деньги
"Убирайся прочь из моей жизни, я видела твою переписку с той девицей из фитнес-клуба, и не смей врать, что это «просто знакомая»! Ты лживый и мерзкий изменник, который всё это время пользовался моим доверием и любовью ради своих грязных похождений. Я подаю на развод сегодня же, и больше ты не увидишь в своей жизни ни меня, ни наших общих детей никогда!",Пик,Высокая,Гнев,Злость,Ревность
"Я сегодня понял, что был неправ, когда критиковал твое стремление пойти на курсы дизайна и называл это пустой тратой времени. Ты отлично справилась с первыми проектами, и я вижу, как у тебя горят глаза, а это гораздо важнее любых денег. Прости за моё ворчание и непонимание, я завтра же помогу тебе оплатить продвинутый уровень обучения.",Разрешение,Низкая,Позитив,Одобрение,Личность
"Твои друзья опять устроили в нашей квартире шумную посиделку, хотя я просила тебя сегодня о покое из-за моей мигрени. Почему ты никогда не считаешься с моим самочувствием и ставишь комфорт приятелей выше здоровья собственной жены? Я чувствую себя в этом доме абсолютно лишним человеком, чьи интересы никого не волнуют и совершенно не учитываются.",Предконфликтная,Средняя,Гнев,Неодобрение,Друзья
"Я заметила, что ты стала очень часто задерживаться на «работе» и возвращаться домой в подозрительно приподнятом настроении. Если у тебя кто-то появился на стороне — имей смелость признаться прямо сейчас, не делай из меня последнего дурака. Мне очень страшно потерять нашу семью, но жить в этой гнетущей атмосфере лжи и недомолвок я больше не в состоянии.",Инцидент,Высокая,Страх,Напряжение/Нервозность,Внимание
"Спасибо, что поддержал меня в моем решении сменить сферу деятельности, несмотря на все финансовые риски для нашей семьи. Я знала, что ты на моей стороне, но твоя непоколебимая вера в мои способности придала мне сил начать всё с нуля. Я бесконечно тебя люблю и ценю твою надежность как мужа и самого близкого человека, который у меня есть.",Разрешение,Средняя,Позитив,Признательность/Радость,Деньги
"Да пошел ты к черту со своим тотальным контролем, я буду встречаться со своими подругами когда захочу! Ты мне не хозяин, чтобы диктовать, с кем мне проводить свободное время и какие заведения посещать без твоего надзора. Я больше не позволю тебе превращать мою жизнь в бесконечную череду оправданий за каждый мой сделанный шаг!",Пик,Высокая,Гнев,Злость,Контроль
"Я сегодня поняла, что была слишком холодна с тобой после твоей неудачи на той важной презентации нового проекта. Прости меня, я просто сама испугалась за наше финансовое благополучие и не нашла в себе сил тебя вовремя поддержать. Я очень горжусь твоим талантом и верю, что в следующий раз у тебя всё обязательно получится еще лучше.",Разрешение,Средняя,Социальные,Эмпатия,Личность
"Хватит попрекать меня каждой копейкой, которую я трачу на себя, когда ты сам спускаешь огромные суммы на свои гаджеты! Я тоже работаю на износ и имею право на свои маленькие радости и нужды без твоего вечного финансового контроля. Твое высокомерие и отношение ко мне как к иждивенке просто оскорбительны и медленно разрушают нашу любовь.",Эскалация,Средняя,Гнев,Раздражение,Деньги
"Как же я счастлив, что мы наконец-то смогли сесть и спокойно обсудить все те взаимные обиды и подозрения. Ты — самая удивительная и мудрая женщина на всём белом свете, и я бесконечно благодарен судьбе за наш брак. Я люблю тебя всем сердцем и обещаю беречь наше хрупкое счастье от любых жизненных потрясений и невзгод.",Разрешение,Высокая,Позитив,Любовь,Личность
"Да мне плевать на твои оправдания, ты опять потратил все деньги с нашего накопительного счета на свои азартные игры! Ты совершенно безответственный человек, для которого минутный риск важнее комфорта и будущего собственного дома. Собирай свои манатки прямо сейчас и чтобы я тебя больше никогда не видела в своей жизни, уходи!",Пик,Высокая,Гнев,Злость,Деньги
"Я заметил, что ты стала очень скрытной и вздрагиваешь каждый раз, когда я просто случайно касаюсь твоего смартфона на столе. Это поведение женщины, которая ведет какую-то тайную игру на стороне и панически боится, что её секреты будут раскрыты. Пожалуйста, будь со мной честна — у нас еще есть шанс на спасение семьи, или я для тебя уже в прошлом?",Инцидент,Высокая,Страх,Страх,Ревность
"Я просто хочу тишины и чтобы меня никто не трогал хотя бы пару часов, у меня нет сил на очередные выяснения. Вся эта ситуация с нашими вечными ссорами вымотала меня морально настолько, что я чувствую полное эмоциональное и физическое выгорание. Давай просто разойдемся по разным комнатам и помолчим до утра, иначе я просто сойду с ума сегодня.",Предконфликтная,Низкая,Нейтральные,Нейтральность,Личность
"Как же я счастлив, что мы смогли найти в себе силы простить друг друга и снова начать строить наше общее и светлое будущее. Ты — самая удивительная и мудрая женщина на всём белом свете, и я бесконечно благодарен судьбе за то, что ты со мной. Я люблю тебя всем сердцем и обещаю, что больше никогда не дам тебе ни малейшего повода для грустных слез.",Разрешение,Высокая,Позитив,Любовь,Личность
"Опять ты не убрала за собой крошки со стола после завтрака, хотя это секундное дело, которое сделало бы мой день. Мне кажется, я говорю на другом языке, потому что мои элементарные просьбы о порядке в доме систематически игнорируются тобой. Это мелкое неуважение к моему труду в итоге перерастет во что-то по-настоящему крупное и неприятное, поверь мне.",Предконфликтная,Низкая,Гнев,Раздражение,Быт
"Убирайся прочь из моей жизни прямо сейчас, я видела твою переписку в скрытом чате, и не смей врать, что это «просто ошибка»! Ты лживый подонок, который предал меня в самый уязвимый момент, когда я больше всего нуждалась в твоей поддержке. Я подаю на развод сегодня же, и больше ты не увидишь в своей жизни ни меня, ни наших маленьких детей!",Пик,Высокая,Гнев,Злость,Ревность
"Я заметила, что ты стала ставить пароли на все мессенджеры в телефоне и вздрагивать каждый раз, когда я подхожу. Это типичное поведение женщины, которая ведет тайную жизнь на стороне и панически боится разоблачения своим законным мужем. Пожалуйста, скажи мне честно — что происходит в нашей семье на самом деле, я не могу больше жить в этой лжи.",Инцидент,Высокая,Страх,Страх,Ревность
"Опять ты не предупредила, что твоя лучшая подруга заглянет к нам на ужин, когда я планировал отдохнуть в тишине. У меня был очень тяжелый день в офисе, и я совершенно не готов к приему гостей и долгим разговорам в своем доме. Почему ты никогда не учитываешь моё состояние и потребность в покое в нашем общем жилом пространстве после работы?",Предконфликтная,Низкая,Гнев,Раздражение,Друзья
"Почему ты никогда не даришь мне комплименты без повода, почему я должна выпрашивать у тебя каждое ласковое слово? Я очень стараюсь быть для тебя привлекательной и нужной, а в ответ вижу только равнодушие и вечные придирки к быту. Мне очень больно осознавать, что вся романтика в наших отношениях окончательно испарилась из-за твоего душевного равнодушия.",Инцидент,Средняя,Грусть,Обида,Внимание
"Опять ты оставил грязную посуду в раковине, хотя обещал помыть её ещё утром. Это так сложно — просто убрать за собой?",Предконфликтная,Низкая,Гнев,Раздражение,Быт
"Ты весь вечер просидел в телефоне, пока я пыталась обсудить наши планы. Мне кажется, я для тебя просто пустое место.",Инцидент,Средняя,Грусть,Обида,Внимание
"Как ты мог спустить всю заначку на эту ерунду, не посоветовавшись со мной? Теперь нам буквально не на что покупать продукты!",Эскалация,Высокая,Гнев,Злость,Деньги
"Хватит орать на сына из-за каждой мелочи, ты просто доводишь его до истерики! Уходи из дома, пока не успокоишься!",Пик,Высокая,Гнев,Злость,Дети
"Прости, что я была такой резкой вчера, я просто очень устала. Давай попробуем спокойно всё обсудить за ужином.",Разрешение,Средняя,Социальные,Раскаяние,Личность
"Твои друзья опять собираются у нас, а я хотела провести вечер в тишине. Почему ты никогда не спрашиваешь моего мнения?",Предконфликтная,Низкая,Гнев,Неодобрение,Друзья
"Твоя мама снова прислала список советов, как мне одеваться. Я чувствую, что в этом доме у меня вообще нет права голоса.",Инцидент,Средняя,Гнев,Раздражение,Родня
"Ты стал таким холодным в постели, будто я тебя совсем не интересую. Мне больно чувствовать эту стену между нами.",Эскалация,Средняя,Грусть,Разочарование,Секс
"Я видела твою переписку с ней, не смей врать, что это по работе! Твое предательство разрушило всё, что мы строили!",Пик,Высокая,Гнев,Злость,Ревность
"Знаешь, я сегодня поняла, что была слишком строга к тебе из-за беспорядка. Давай я помогу тебе, и мы быстро всё приберем вместе.",Разрешение,Низкая,Социальные,Осознание,Быт
"Ты опять проверяешь, во сколько я зашла в онлайн, это уже похоже на слежку. Дай мне хоть немного личного пространства!",Предконфликтная,Средняя,Гнев,Раздражение,Контроль
"Мне страшно, когда ты начинаешь так громко кричать и бросать вещи. Я больше не чувствую себя в безопасности рядом с тобой.",Инцидент,Высокая,Страх,Страх,Личность
"Почему я должна постоянно выпрашивать у тебя деньги на нужды детей? Это наша общая ответственность, а не моя личная прихоть.",Эскалация,Средняя,Гнев,Неодобрение,Деньги
"Пошел вон из квартиры, я больше не верю ни единому твоему слову! Ты врал мне целый год, и на этом наши отношения закончены!",Пик,Высокая,Гнев,Злость,Ревность
"Я так рада, что мы наконец-то поговорили без криков и обвинений. Мне стало намного легче на душе, спасибо тебе за это.",Разрешение,Высокая,Позитив,Облегчение,Внимание
"Ты опять пообещал забрать детей и забыл, они прождали тебя целый час. Неужели тебе настолько наплевать на их чувства?",Инцидент,Средняя,Грусть,Разочарование,Дети
Твои придирки к моей работе заставляют меня чувствовать себя никчемной. Почему ты не можешь просто поддержать меня?,Эскалация,Средняя,Грусть,Обида,Личность
"Мне так страшно, что из-за этих долгов мы потеряем квартиру. Я места себе не нахожу от постоянной тревоги за наше будущее.",Предконфликтная,Средняя,Страх,Напряжение/Нервозность,Деньги
"Это просто чудо, что мы смогли всё решить мирно и не разойтись. Я люблю тебя больше жизни и верю в нас.",Разрешение,Высокая,Позитив,Любовь,Личность
"Почему твои друзья позволяют себе такие шутки в моем присутствии? Ты должен был меня защитить, а не сидеть и молчать!",Инцидент,Средняя,Гнев,Обида,Друзья
"Ты опять не купил то, что я просила, хотя список был у тебя перед глазами. Мне кажется, ты делаешь это специально, чтобы меня позлить.",Предконфликтная,Низкая,Гнев,Раздражение,Быт
"Ты постоянно сравниваешь меня со своей бывшей, и это просто невыносимо. Я — другой человек, прими это наконец!",Эскалация,Средняя,Гнев,Неодобрение,Личность
"Я просто не узнаю тебя, ты стал таким злым и грубым в последнее время. Куда делся тот нежный человек, за которого я выходила замуж?",Инцидент,Средняя,Грусть,Горе/Грусть,Личность
"Я ненавижу твою мать за то, что она постоянно лезет в нашу жизнь! Или ты ставишь её на место, или я ухожу прямо сейчас!",Пик,Высокая,Гнев,Злость,Родня
"Спасибо, что поддержал меня перед начальством, это было очень важно. Я чувствую, что мы одна команда, и это придает мне сил.",Разрешение,Средняя,Позитив,Признательность/Радость,Личность
"Ты опять задержался без предупреждения, а я приготовила праздничный ужин. Твоё равнодушие к моим усилиям просто убивает.",Предконфликтная,Низкая,Грусть,Обида,Внимание
"Твоё нежелание даже прикасаться ко мне заставляет меня чувствовать себя уродиной. Мы живем как соседи, и я больше не могу так существовать.",Эскалация,Средняя,Грусть,Разочарование,Секс
"Я очень переживаю за твое здоровье, а ты куришь одну за одной. Пожалуйста, подумай о нас, нам страшно тебя потерять.",Инцидент,Средняя,Страх,Напряжение/Нервозность,Личность
"Я вижу, как ты стараешься ради семьи, и я очень это ценю. Давай забудем все старые обиды и начнем всё с чистого листа.",Разрешение,Средняя,Позитив,Оптимизм,Деньги
"Какого черта ты опять пригласил своего брата пожить у нас без спроса? Это наш общий дом, и я имею право решать, кто здесь находится!",Пик,Высокая,Гнев,Злость,Родня
"Мне кажется, нам нужно чаще выходить куда-то вдвоем, без детей. Я очень скучаю по нашему личному времени и романтике.",Предконфликтная,Низкая,Позитив,Желание/Мотивация,Внимание
"Ты постоянно указываешь мне, что делать, будто я твой подчиненный. Перестань меня контролировать, я имею право на собственное мнение!",Эскалация,Средняя,Гнев,Раздражение,Контроль
"Я случайно увидела твой второй телефон и просто не могу прийти в себя. Как ты мог так долго обманывать меня, глядя в глаза?",Инцидент,Высокая,Страх,Страх,Ревность
"Хватит врать, я знаю, что ты проиграл все наши накопления в онлайн-казино! Ты разрушил жизнь не только себе, но и мне с детьми!",Пик,Высокая,Гнев,Злость,Деньги
"Прости за мою беспочвенную ревность, я просто очень боюсь тебя потерять. Я буду работать над своим доверием к тебе, обещаю.",Разрешение,Средняя,Социальные,Раскаяние,Ревность
"Опять в ванной гора твоих грязных полотенец, неужели так сложно повесить их? Твоя бытовая лень меня просто выводит из себя.",Предконфликтная,Низкая,Гнев,Раздражение,Быт
"Ты постоянно отменяешь наши свидания ради своих друзей, это очень обидно. Я чувствую себя на самом последнем месте в твоей жизни.",Инцидент,Средняя,Грусть,Обида,Друзья
"Я боюсь, что наше охлаждение в сексе приведет к разрыву. Давай попробуем что-то изменить, пока мы совсем не стали чужими.",Эскалация,Средняя,Страх,Напряжение/Нервозность,Секс
"Ты сегодня был таким заботливым, спасибо, что приготовил ужин сам. Мне очень не хватало твоего внимания и тепла в последнее время.",Разрешение,Средняя,Позитив,Забота,Быт
"Да мне плевать, что ты там себе думаешь, я буду общаться с кем хочу! Твой контроль уже переходит все границы, я не твоя собственность!",Пик,Высокая,Гнев,Злость,Контроль
"Мне кажется, ты уделяешь работе гораздо больше времени, чем нашей семье. Дети скоро перестанут узнавать отца, если ты не изменишь график.",Предконфликтная,Низкая,Грусть,Обида,Дети
"Твои друзья опять оставили в доме бардак, а убирать всё должна я одна. Это просто неуважение к моему труду и нашему дому!",Инцидент,Средняя,Гнев,Неодобрение,Друзья
"Я чувствую, что мы тонем в бытовухе и совсем перестали радоваться друг другу. Где та легкость, которая была у нас в самом начале?",Эскалация,Средняя,Грусть,Горе/Грусть,Личность
"Уходи, я не хочу больше тебя видеть после того, что ты наговорил моей сестре! Ты оскорбил всю мою семью, и я этого никогда не прощу!",Пик,Высокая,Гнев,Злость,Родня
"Я сегодня понял, что был неправ, когда критиковал твое воспитание детей. Ты действительно делаешь для них всё возможное, прости меня за это.",Разрешение,Средняя,Социальные,Эмпатия,Дети
"Опять ты потратила огромную сумму на косметику, хотя мы копим на ремонт. Неужели твои баночки важнее нашего общего комфорта?",Предконфликтная,Низкая,Гнев,Раздражение,Деньги
"Мне неприятно, когда ты обсуждаешь нашу личную жизнь со своими подругами. Это должно оставаться только между нами, а не становиться темой для сплетен.",Инцидент,Средняя,Гнев,Неодобрение,Друзья
"Я чувствую, что ты меня совсем не слышишь, когда я пытаюсь поговорить о своих чувствах. Ты сразу начинаешь злиться или просто уходишь в другую комнату.",Эскалация,Средняя,Грусть,Обида,Внимание
"Как же здорово, что мы наконец-то съездили в отпуск только вдвоем. Я снова почувствовала себя любимой и счастливой, спасибо тебе за этот вечер.",Разрешение,Высокая,Позитив,Признательность/Радость,Внимание
"Да заткнись ты уже про свои рубашки, у меня своих дел по горло! С этого дня стираешь и гладишь себе всё сам, я тебе не прислуга!",Пик,Высокая,Гнев,Злость,Быт
"Ты опять не помыл за собой сковородку, хотя обещал это сделать еще вчера. Я устала быть твоей личной домработницей в этом доме.",Предконфликтная,Низкая,Гнев,Раздражение,Быт
"Ты весь вечер просидел в телефоне, пока я пыталась рассказать тебе о своих проблемах. Тебе наплевать на меня и на всё, что со мной происходит.",Инцидент,Средняя,Грусть,Обида,Внимание
"Почему ты опять распорядился нашими деньгами, не спросив моего мнения? Это общие накопления, и я имею такое же право голоса, как и ты!",Эскалация,Высокая,Гнев,Злость,Деньги
"Хватит орать на детей из-за каждой пролитой капли сока, ты их просто пугаешь! Если ты не можешь держать себя в руках, уходи из дома!",Пик,Высокая,Гнев,Злость,Дети
"Я действительно была не права, когда сорвалась на тебя вчера из-за этой ерунды. Прости меня, я просто очень сильно перенервничала на работе.",Разрешение,Средняя,Социальные,Раскаяние,Личность
"Твои друзья опять собираются торчать у нас до полуночи, а мне завтра рано вставать. Ты никогда не учитываешь мои интересы и мой покой.",Предконфликтная,Низкая,Гнев,Неодобрение,Друзья
Твоя мама снова пришла без предупреждения и начала критиковать мой порядок в шкафах. Почему ты позволяешь ей так по-хамски вести себя в нашем доме?,Инцидент,Средняя,Гнев,Раздражение,Родня
"Ты стал таким холодным в постели, я чувствую себя какой-то обузой, а не любимой женщиной. Если я тебе больше не интересна, просто скажи это честно.",Эскалация,Средняя,Грусть,Разочарование,Секс
"Я видела твое фото с той девицей, не смей врать, что это просто старая знакомая! Ты разрушил наше доверие, и я больше не верю тебе.",Пик,Высокая,Гнев,Злость,Ревность
"Знаешь, я сегодня поняла, что зря так сильно злилась на тебя из-за того пустяка. Давай забудем всё это и просто спокойно поужинаем вместе.",Разрешение,Низкая,Социальные,Осознание,Быт
"Ты опять проверяешь мои переписки, это уже переходит все границы личного пространства. Неужели у нас совсем не осталось доверия спустя столько лет?",Предконфликтная,Средняя,Гнев,Раздражение,Контроль
Почему я должна вечно выпрашивать у тебя деньги на продукты для нашей семьи? Это унизительно — чувствовать себя попрошайкой в собственном доме.,Эскалация,Средняя,Гнев,Неодобрение,Деньги
"Убирайся прочь из этой квартиры, я больше не хочу иметь с тобой ничего общего! Твое вранье — это конец, я подаю на развод!",Пик,Высокая,Гнев,Злость,Ревность
"Я так рада, что мы смогли сесть и спокойно обсудить всё, что нас так долго беспокоило. Мне стало гораздо легче дышать после этого разговора.",Разрешение,Высокая,Позитив,Облегчение,Внимание
"Ты опять забыл забрать сына из школы, он прождал тебя на морозе целый час. Твоя безответственность просто не знает границ, мне стыдно за тебя.",Инцидент,Средняя,Грусть,Разочарование,Дети
"Твои вечные придирки к моей внешности заставляют меня чувствовать себя уродиной и неудачницей. Зачем ты это делаешь, неужели тебе нравится причинять мне боль?",Эскалация,Средняя,Грусть,Обида,Личность
"Я очень боюсь, что из-за этих бесконечных ссор мы в итоге совсем потеряем друг друга. Я места себе не нахожу от тревоги за наше будущее.",Предконфликтная,Средняя,Страх,Напряжение/Нервозность,Личность
"Это действительно важно, что мы смогли простить друг друга и снова начать доверять. Я люблю тебя и очень хочу, чтобы у нас всё получилось.",Разрешение,Высокая,Позитив,Любовь,Личность
"Почему твои друзья позволяют себе хамить мне, а ты стоишь рядом и просто молчишь? Мне очень больно от твоего предательства в такой момент.",Инцидент,Средняя,Гнев,Обида,Друзья
"Опять ты не предупредила, что задержишься, и я два часа ждал тебя с ужином. Твоё пренебрежение моим временем просто выводит меня из себя.",Предконфликтная,Низкая,Гнев,Раздражение,Внимание
"Ты постоянно сравниваешь меня со своими успешными коллегами, и это очень сильно меня задевает. Я — не они, и я не обязан соответствовать твоим идеалам.",Эскалация,Средняя,Гнев,Неодобрение,Личность
"Я просто не узнаю наш брак, мы стали как два чужих человека, живущих под одной крышей. Мне не хватает твоего тепла и тех нежных слов, что были раньше.",Инцидент,Средняя,Грусть,Горе/Грусть,Личность
"Я ненавижу твоего отца за то, что он постоянно оскорбляет меня, а ты его защищаешь! Если это не прекратится, я больше никогда не приду к ним в дом!",Пик,Высокая,Гнев,Злость,Родня
"Спасибо, что поддержал мою идею со сменой работы, для меня это очень много значит. Я чувствую твою веру в меня, и это делает меня сильнее.",Разрешение,Средняя,Позитив,Признательность/Радость,Личность
"Ты опять проспал всё утро и не помог мне с домашними делами, хотя мы договаривались. Твой эгоизм просто поражает, ты думаешь только о своем отдыхе.",Предконфликтная,Низкая,Гнев,Раздражение,Быт
"Твоё нежелание даже обсудить проблемы в нашей интимной жизни просто убивает наши отношения. Если тебе всё равно, что я чувствую себя брошенной, так и скажи.",Эскалация,Средняя,Грусть,Разочарование,Секс
"Я очень переживаю, что ты снова начнешь так много пить после этой ссоры с начальством. Пожалуйста, не делай этого, нам всем очень страшно за тебя.",Инцидент,Средняя,Страх,Напряжение/Нервозность,Личность
"Я вижу, как много ты делаешь для наших детей, и я очень благодарна тебе за это. Давай оставим все обиды в прошлом и будем жить ради нашего общего счастья.",Разрешение,Средняя,Позитив,Оптимизм,Дети
"Какого черта ты опять пригласила свою сестру пожить у нас без моего ведома?! Это мой дом тоже, и я требую уважения к своему личному пространству!",Пик,Высокая,Гнев,Злость,Родня
"Мне кажется, нам нужно начать ходить к семейному психологу, иначе мы просто разведемся. Наши отношения зашли в какой-то тупик, и я не вижу выхода.",Предконфликтная,Низкая,Позитив,Желание/Мотивация,Личность
"Ты постоянно указываешь мне, с кем мне дружить, это уже переходит все рамки дозволенного. Перестань меня контролировать, я взрослая женщина и сама всё решу!",Эскалация,Средняя,Гнев,Раздражение,Контроль
"Я случайно нашел твою тайную переписку и просто не могу поверить своим глазам. Как ты могла так подло предать меня после всего, что между нами было?",Инцидент,Высокая,Страх,Страх,Ревность
"Хватит врать, я знаю, что ты потратил все деньги на свои дурацкие азартные игры! Ты разрушил наше будущее, и я этого никогда тебе не прощу!",Пик,Высокая,Гнев,Злость,Деньги
"Прости меня за те резкие слова про твою семью, я действительно переборщила на эмоциях. Я постараюсь впредь быть сдержаннее и больше не обижать тебя.",Разрешение,Средняя,Социальные,Раскаяние,Родня
"Опять ты разбросал свои вещи по всей комнате, хотя я только что сделала уборку. Твоё неуважение к моему труду меня просто выводит из равновесия.",Предконфликтная,Низкая,Гнев,Раздражение,Быт
"Ты постоянно отменяешь наши общие планы ради своих друзей, это очень задевает мои чувства. Я чувствую, что я для тебя — лишь вариант по остаточному принципу.",Инцидент,Средняя,Грусть,Обида,Друзья
"Я очень боюсь, что если мы не вернем страсть в наш брак, кто-то из нас начнет искать её на стороне. Давай попробуем что-то изменить, пока еще не поздно.",Эскалация,Средняя,Страх,Напряжение/Нервозность,Секс
"Ты сегодня была такой заботливой и внимательной, спасибо тебе за этот прекрасный вечер. Я очень ценю такие моменты спокойствия и любви в нашем доме.",Разрешение,Средняя,Позитив,Забота,Внимание
"Да мне наплевать, что ты там себе возомнила, я буду делать то, что считаю нужным! Твой вечный контроль уже у меня вот здесь сидит, отстань!",Пик,Высокая,Гнев,Злость,Контроль
"Мне кажется, ты уделяешь своим хобби гораздо больше времени, чем нашим детям. Им не хватает твоего внимания, они постоянно спрашивают, когда ты с ними поиграешь.",Предконфликтная,Низкая,Грусть,Обида,Дети
"Твои друзья опять устроили в доме настоящий притон, а убирать за ними всеми должна я. Это просто верх наглости и неуважения к моему личному покою!",Инцидент,Средняя,Гнев,Неодобрение,Друзья
"Я чувствую, что мы окончательно погрязли в бесконечных спорах из-за каждой копейки. Наши отношения превратились в какую-то бухгалтерию, и мне от этого очень горько.",Эскалация,Средняя,Грусть,Горе/Грусть,Деньги
"Уходи сейчас же, я не хочу слышать твои жалкие оправдания после того, что я увидела! Твое предательство — это жирная точка в нашей совместной жизни!",Пик,Высокая,Гнев,Злость,Ревность
"Я сегодня окончательно осознал, что был не прав по поводу твоей новой работы. Ты действительно нашла себя в этом, и я очень рад за тебя, прости за мой скепсис.",Разрешение,Средняя,Социальные,Эмпатия,Личность
"Опять ты потратил деньги из отложенных на ремонт на какую-то ерунду для своей машины. Неужели твои железки тебе важнее, чем уют в нашем общем доме?",Предконфликтная,Низкая,Гнев,Раздражение,Деньги
"Мне очень неприятно, когда ты обсуждаешь мои недостатки со своей матерью по телефону. Это предательство нашего союза, и мне больно осознавать, что ты так поступаешь.",Инцидент,Средняя,Гнев,Неодобрение,Родня
"Я чувствую, что ты меня совсем не ценишь и воспринимаешь мою заботу как должное. Ты перестал говорить «спасибо» и даже не замечаешь, как я стараюсь для нас.",Эскалация,Средняя,Грусть,Обида,Внимание
"Как же я рада, что мы смогли пережить этот тяжелый период и снова стать близкими. Я очень дорожу тобой и нашей семьей, спасибо, что ты рядом.",Разрешение,Высокая,Позитив,Признательность/Радость,Личность
"Да заткнись ты уже про свои долги, я сама со всем разберусь, раз ты такой беспомощный! С этого дня я сама управляю бюджетом, а ты только мешаешь!",Пик,Высокая,Гнев,Злость,Деньги
"Ты опять оставил свет включенным во всем доме, хотя я просила экономить. Твоя беспечность в бытовых мелочах меня просто выводит из себя.",Предконфликтная,Низкая,Гнев,Раздражение,Быт
"Ты весь вечер промолчал, когда мы были в гостях, и это было очень неловко. Твое поведение заставляет меня чувствовать себя виноватой без причины.",Инцидент,Средняя,Грусть,Обида,Внимание
"Почему ты опять распорядился моим временем, пообещав своим родителям, что мы приедем? У меня были свои планы, и я не обязана под всех подстраиваться!",Эскалация,Высокая,Гнев,Злость,Родня
"Хватит кричать на меня при посторонних людях, это просто позорно и низко! Если тебе есть что сказать — говори дома, а не устраивай это шоу!",Пик,Высокая,Гнев,Злость,Личность
"Я действительно был не прав, когда обвинил тебя в той ошибке, прости меня. Я просто очень сильно устал и сорвался на самом близком человеке.",Разрешение,Средняя,Социальные,Раскаяние,Личность
"Твои друзья опять принесли алкоголь в дом, хотя я просила этого не делать при детях. Ты совсем не уважаешь мои просьбы и правила нашего дома.",Предконфликтная,Низкая,Гнев,Неодобрение,Друзья
"Твоя мама снова звонит в семь утра, чтобы дать очередной «бесценный» совет. Почему ты не можешь попросить её уважать наше личное пространство и сон?",Инцидент,Средняя,Гнев,Раздражение,Родня
"Ты стал таким равнодушным к нашим детям, будто они для тебя — просто обуза. Им не хватает твоей любви, и я не знаю, как им это объяснить.",Эскалация,Средняя,Грусть,Разочарование,Дети
"Я видела твое сообщение от той «коллеги» в три часа ночи, не смей мне лгать! Это предательство, которое я никогда не смогу забыть и простить тебе!",Пик,Высокая,Гнев,Злость,Ревность
"Знаешь, я сегодня поняла, что зря сомневалась в твоей верности, прости меня за это. Я очень ценю твое терпение и то, что ты остаешься рядом со мной.",Разрешение,Низкая,Социальные,Осознание,Ревность
"Ты опять поставил пароль на свой планшет, хотя мы договаривались о полной открытости. Твоя скрытность заставляет меня постоянно нервничать и подозревать худшее.",Предконфликтная,Средняя,Гнев,Раздражение,Контроль
"Мне страшно находиться с тобой в одной комнате, когда ты начинаешь так громко орать. Твоя агрессия на пустом месте просто лишает меня дара речи и сил.",Инцидент,Высокая,Страх,Страх,Личность
Почему я должна постоянно отчитываться за каждый потраченный рубль из семейного бюджета? Твой тотальный контроль в финансовых вопросах просто невыносим для меня как для личности.,Эскалация,Средняя,Гнев,Неодобрение,Деньги
"Убирайся прочь из моей жизни, я больше не верю ни единому твоему обещанию! Твое вранье разрушило всё наше счастье, и я больше не хочу тебя знать!",Пик,Высокая,Гнев,Злость,Личность
"Я так рада, что мы смогли сесть и спокойно обсудить наше общее будущее без криков. Мне стало гораздо спокойнее после этого откровенного и важного разговора.",Разрешение,Высокая,Позитив,Облегчение,Внимание
Ты опять пообещал помочь мне с уборкой и просто ушел к друзьям в гараж. Твоя необязательность в быту меня просто доводит до отчаяния и слез.,Инцидент,Средняя,Грусть,Разочарование,Быт
"Твои вечные упреки в том, что я мало зарабатываю, заставляют меня чувствовать себя ничтожеством. Зачем ты так поступаешь со мной, если ты якобы любишь меня?",Эскалация,Средняя,Грусть,Обида,Деньги
"Я очень боюсь, что наше охлаждение в постели приведет к тому, что мы окончательно разойдемся. Я места себе не нахожу от тревоги за наш брак.",Предконфликтная,Средняя,Страх,Напряжение/Нервозность,Секс
"Это действительно чудо, что мы смогли найти в себе силы простить друг друга. Я люблю тебя и очень хочу, чтобы мы всегда были вместе.",Разрешение,Высокая,Позитив,Любовь,Личность
"Почему твои друзья позволяют себе такие сальные шутки в мой адрес, а ты молчишь? Мне очень обидно, что ты не можешь защитить моё достоинство перед ними.",Инцидент,Средняя,Гнев,Обида,Друзья
"Опять ты не предупредила, что придешь так поздно, и я весь вечер переживал за тебя. Твоё пренебрежение моим спокойствием просто выводит меня из равновесия и злит.",Предконфликтная,Низкая,Гнев,Раздражение,Внимание
"Ты постоянно сравниваешь наш дом с домом своих родителей, и это меня очень сильно задевает. Я стараюсь как могу, но я никогда не буду идеальным для тебя.",Эскалация,Средняя,Гнев,Неодобрение,Родня
"Я просто не узнаю нашу жизнь, мы стали какими-то чужими людьми, живущими под одной крышей. Мне не хватает твоих нежных слов и объятий, что были раньше.",Инцидент,Средняя,Грусть,Горе/Грусть,Внимание
"Я ненавижу твою сестру за то, что она постоянно лезет в наше воспитание детей! Если она не перестанет нас поучать, я больше не пущу её в наш дом!",Пик,Высокая,Гнев,Злость,Родня
"Спасибо, что поддержал меня в моем решении уволиться с той токсичной работы, это важно. Я чувствую твою опору, и это придает мне уверенности в завтрашнем дне.",Разрешение,Средняя,Позитив,Признательность/Радость,Деньги
"Ты опять забыла купить хлеб, хотя я напоминал тебе об этом трижды за день. Твоя рассеянность в бытовых мелочах меня просто выводит из себя и злит.",Предконфликтная,Низкая,Гнев,Раздражение,Быт
"Твоё нежелание даже попробовать вернуть страсть в наши отношения просто убивает мой интерес к тебе. Если тебе всё равно на мои желания, так и скажи это честно.",Эскалация,Средняя,Грусть,Разочарование,Секс
"Я очень переживаю, что твои частые посиделки в баре с друзьями плохо закончатся для семьи. Пожалуйста, подумай о нас, нам всем очень страшно потерять твое доверие.",Инцидент,Средняя,Страх,Напряжение/Нервозность,Друзья
"Я вижу, как много ты стараешься ради нашего общего будущего, и я очень тебе благодарна. Давай оставим все ссоры в прошлом и будем жить ради нашей любви.",Разрешение,Средняя,Позитив,Оптимизм,Личность
"Какого черта ты опять пригласил свою маму погостить у нас без моего ведома?! Это мой дом тоже, и я требую, чтобы ты советовался со мной в таких делах!",Пик,Высокая,Гнев,Злость,Родня
"Мне кажется, нам нужно начать больше разговаривать друг с другом по душам, а не о быте. Наши отношения стали какими-то сухими, и я не вижу в них больше радости.",Предконфликтная,Низкая,Позитив,Желание/Мотивация,Внимание
"Ты постоянно указываешь мне, как одеваться, это уже переходит все рамки моего терпения. Перестань меня контролировать, я взрослая женщина и сама решу, что мне носить!",Эскалация,Средняя,Гнев,Раздражение,Контроль
Я случайно нашла твою вторую сим-карту и просто не могу прийти в себя от шока. Как ты мог так подло обманывать меня всё это долгое время?,Инцидент,Высокая,Страх,Страх,Ревность
"Хватит врать, я знаю, что ты потратил все деньги на свои дурацкие ставки в интернете! Ты разрушил нашу жизнь, и я этого никогда не смогу тебе простить!",Пик,Высокая,Гнев,Злость,Деньги
"Прости меня за те резкие слова про твою работу, я действительно была не в себе от злости. Я постараюсь больше так не делать и всегда поддерживать тебя в начинаниях.",Разрешение,Средняя,Социальные,Раскаяние,Личность
"Опять ты разбросала свои тюбики по всей ванной, хотя я просил этого не делать. Твоё неуважение к порядку в нашем общем доме меня просто выводит из себя.",Предконфликтная,Низкая,Гнев,Раздражение,Быт
"Ты постоянно забываешь про наши годовщины, это очень задевает мои чувства и самолюбие. Я чувствую, что я для тебя — лишь привычное дополнение к твоей жизни.",Инцидент,Средняя,Грусть,Обида,Внимание
"Я очень боюсь, что наше постоянное недопонимание в финансовых вопросах приведет к окончательному разрыву. Давай попробуем что-то изменить, пока мы совсем не стали чужими.",Эскалация,Средняя,Страх,Напряжение/Нервозность,Деньги
"Ты сегодня был таким нежным и внимательным, спасибо тебе за этот прекрасный вечер вдвоем. Я очень ценю такие редкие моменты гармонии и любви в нашей семье.",Разрешение,Средняя,Позитив,Забота,Внимание
"Мне кажется, ты уделяешь своим друзьям гораздо больше времени, чем мне и нашим детям. Мы для тебя стали какой-то фоновой частью жизни, которая всегда подождет.",Предконфликтная,Низкая,Грусть,Обида,Друзья
"Твои друзья опять устроили в доме погром, а убирать за ними всеми должна я одна. Это просто верх наглости и полного неуважения к моему тяжелому труду!",Инцидент,Средняя,Гнев,Неодобрение,Друзья
"Я сегодня окончательно понял, что был не прав по поводу твоих желаний переехать в другой город. Ты действительно права — нам нужны перемены, прости за мой консерватизм.",Разрешение,Средняя,Социальные,Эмпатия,Личность
"Опять ты потратила деньги из отложенных на отпуск на какую-то очередную ерунду для дома. Неужели твои хотелки важнее нашего общего отдыха, о котором мы мечтали?",Предконфликтная,Низкая,Гнев,Раздражение,Деньги
"Мне очень неприятно, когда ты обсуждаешь мои промахи со своими подругами по телефону часами. Это предательство нашего доверия, и мне бесконечно больно осознавать твое отношение.",Инцидент,Средняя,Гнев,Неодобрение,Друзья
"Я чувствую, что ты меня совсем не понимаешь и воспринимаешь мои проблемы как пустой звук. Ты перестал меня поддерживать и даже не замечаешь, как мне сейчас тяжело.",Эскалация,Средняя,Грусть,Обида,Внимание
"Как же я счастлив, что мы смогли пережить этот кризис и снова стать самыми близкими людьми. Я очень дорожу тобой и нашей любовью, спасибо, что ты всё еще со мной.",Разрешение,Высокая,Позитив,Признательность/Радость,Личность
"Да заткнись ты уже про свои обиды, я сам со всем разберусь, раз ты такая неженка! С этого дня я живу как хочу, а твои претензии мне не интересны!",Пик,Высокая,Гнев,Злость,Личность
"Ты опять оставил открытой дверь в ванную, хотя знаешь, как меня это раздражает. Твоя невнимательность к моим просьбам в быту меня просто выводит из себя.",Предконфликтная,Низкая,Гнев,Раздражение,Быт
"Ты весь вечер просидел с угрюмым лицом, когда мы были у моих родителей в гостях. Твое поведение заставляет меня чувствовать себя неловко и постоянно извиняться за тебя.",Инцидент,Средняя,Грусть,Обида,Родня
"Почему ты опять распорядилась нашим общим временем, пообещав подругам, что мы поможем с переездом? У меня были свои планы на отдых, и я не обязан под всех подстраиваться!",Эскалация,Высокая,Гнев,Злость,Друзья
"Хватит кричать на меня при детях, ты себя ведешь как настоящий тиран и деспот! Если тебе есть что высказать — говори спокойно, а не устраивай этот цирк!",Пик,Высокая,Гнев,Злость,Дети
"Я действительно была не права, когда обвинила тебя в той растрате, прости меня, я ошиблась. Я просто очень сильно испугалась за наше будущее и сорвалась на тебя.",Разрешение,Средняя,Социальные,Раскаяние,Деньги
"Твои друзья опять принесли сигареты в наш дом, хотя я просила не курить на балконе. Ты совсем не уважаешь моё здоровье и правила, которые мы вместе установили.",Предконфликтная,Низкая,Гнев,Неодобрение,Друзья
"Твоя мама снова звонит, чтобы указать, как мне лучше готовить ужин для тебя. Почему ты не можешь раз и навсегда попросить её не вмешиваться в наши бытовые дела?",Инцидент,Средняя,Гнев,Раздражение,Родня
"Ты стал таким равнодушным к моим успехам на работе, будто тебе совсем всё равно. Мне не хватает твоей поддержки, и я чувствую себя очень одинокой в своих достижениях.",Эскалация,Средняя,Грусть,Разочарование,Внимание
"Я видела твое сообщение от той «бывшей» в соцсетях, не смей мне нагло лгать в глаза! Это подлое предательство, которое я никогда не смогу забыть и по-настоящему простить!",Пик,Высокая,Гнев,Злость,Ревность
"Знаешь, я сегодня поняла, что зря подозревала тебя во всех смертных грехах, прости меня. Я очень ценю твое безграничное терпение и то, что ты всё еще любишь меня.",Разрешение,Низкая,Социальные,Осознание,Личность
"Ты опять поменял пароль на своем телефоне, хотя обещал больше ничего от меня не скрывать. Твоя таинственность заставляет меня постоянно нервничать и ждать очередного подвоха в отношениях.",Предконфликтная,Средняя,Гнев,Раздражение,Контроль
"Мне страшно находиться с тобой в одной квартире, когда ты начинаешь так громко швырять посуду. Твоя неуправляемая агрессия на пустом месте просто лишает меня всех сил и покоя.",Инцидент,Высокая,Страх,Страх,Личность
Почему я должна постоянно оправдываться за каждую свою личную покупку из наших общих денег? Твой жесткий контроль в финансовых вопросах просто унижает моё достоинство как взрослого человека.,Эскалация,Средняя,Гнев,Неодобрение,Деньги
"Убирайся вон из моей жизни, я больше не верю ни одному твоему сладкому обещанию! Твое постоянное вранье окончательно разрушило наше счастье, и я больше не хочу тебя видеть!",Пик,Высокая,Гнев,Злость,Личность
"Я так рада, что мы смогли сесть и спокойно обсудить все наши взаимные претензии без криков. Мне стало гораздо легче и светлее на душе после этого долгожданного разговора.",Разрешение,Высокая,Позитив,Облегчение,Внимание
Ты опять пообещала помочь мне с ремонтом в выходные и просто уехала к своей маме. Твоя необязательность в делах дома меня просто доводит до отчаяния и горьких слез.,Инцидент,Средняя,Грусть,Разочарование,Родня
"Твои вечные упреки в том, что я плохой отец, заставляют меня чувствовать себя полным неудачником. Зачем ты так жестоко поступаешь со мной, если ты говоришь, что любишь нашу семью?",Эскалация,Средняя,Грусть,Обида,Дети
"Я очень боюсь, что наше полное отсутствие близости в последние месяцы приведет к тому, что мы расстанемся. Я места себе не нахожу от постоянной тревоги за наше общее будущее.",Предконфликтная,Средняя,Страх,Напряжение/Нервозность,Секс
"Ты опять позвал своих друзей на выходные, хотя мы договорились провести их вдвоем. Я чувствую, что мои желания для тебя совсем не важны.",Инцидент,Средняя,Грусть,Обида,Друзья
"Мы уже месяц не были близки, и ты даже не пытаешься проявить инициативу. Мне кажется, я тебя больше не привлекаю.",Эскалация,Средняя,Грусть,Разочарование,Секс
"Если ты ещё раз полезешь в мой телефон без спроса, я просто сменю все пароли и уйду. Твой контроль переходит все границы!",Пик,Высокая,Гнев,Злость,Контроль
"Спасибо, что помог мне с этим проектом, я бы без тебя не справилась. Мне очень важна твоя поддержка и вера в меня.",Разрешение,Средняя,Позитив,Признательность/Радость,Личность
"Я заметила, что ты стал скрывать свои расходы, и это меня очень пугает. На что уходят такие суммы из нашего общего бюджета?",Предконфликтная,Средняя,Страх,Напряжение/Нервозность,Деньги
"Опять ты промолчал, когда твоя сестра начала меня задевать. Почему ты никогда не можешь защитить меня перед своей роднёй?",Инцидент,Средняя,Гнев,Неодобрение,Родня
"Хватит кричать на ребенка из-за того, что ты просто не выспался! Ты ведешь себя крайне несправедливо и агрессивно.",Эскалация,Высокая,Гнев,Злость,Дети
"Убирайся к своей любовнице, я видела вашу переписку и больше не хочу тебя знать! Ты разрушил всё своим враньём!",Пик,Высокая,Гнев,Злость,Ревность
"Я был неправ, когда накричал на тебя из-за немытой посуды, прости. Я просто очень устал на работе и сорвался на тебе.",Разрешение,Средняя,Социальные,Раскаяние,Быт
"Мне кажется, ты совсем перестал интересоваться моим мнением, когда мы что-то планируем. Ты просто ставишь меня перед фактом.",Предконфликтная,Низкая,Грусть,Обида,Внимание
"Почему ты опять не предупредил, что задержишься? Я сижу и жду тебя с ужином уже третий час, это просто неуважение.",Инцидент,Средняя,Гнев,Раздражение,Быт
"Я боюсь, что наше постоянное молчание по вечерам — это начало конца. Мы стали совсем чужими друг другу в этом доме.",Эскалация,Средняя,Страх,Страх,Личность
"Да заткнись ты уже, я не хочу слышать твои бесконечные оправдания! Ты снова всё испортил своей тупой привычкой врать!",Пик,Высокая,Гнев,Злость,Личность
"Я так рада, что мы смогли найти общий язык по поводу воспитания сына. Это большое облегчение — знать, что мы на одной стороне.",Разрешение,Высокая,Позитив,Облегчение,Дети
"Слушай, я не хочу ссориться, но давай обсудим траты в этом месяце. Нам нужно как-то уложиться в лимит.",Предконфликтная,Низкая,Нейтральные,Нейтральность,Деньги
"Опять твои друзья будут торчать у нас до ночи, а мне завтра рано вставать. Почему ты никогда не считаешься с моим отдыхом?",Инцидент,Средняя,Гнев,Неодобрение,Друзья
"Ты постоянно проверяешь мою геолокацию, это просто невыносимо! Ты мне не доверяешь совсем, спустя пять лет брака?",Эскалация,Средняя,Гнев,Раздражение,Контроль
"Я ненавижу тебя в такие моменты, ты просто бездушное чудовище! Ты специально делаешь мне больно своими словами!",Пик,Высокая,Гнев,Злость,Личность
"Прости, что я была такой холодной в последнее время, я просто очень переживала из-за работы. Давай попробуем помириться.",Разрешение,Средняя,Социальные,Раскаяние,Личность
"Я заметил, как ты на него смотрела на вечеринке, и мне это очень не понравилось. У тебя к нему остались какие-то чувства?",Предконфликтная,Средняя,Страх,Напряжение/Нервозность,Ревность
"Ты опять забыл про нашу годовщину, хотя я напоминала тебе вчера. Тебе просто наплевать на то, что для меня важно.",Инцидент,Средняя,Грусть,Обида,Внимание
"Почему твоя мама считает нормальным входить в нашу спальню без стука? Установи границы, иначе я просто перестану с ней общаться!",Эскалация,Средняя,Гнев,Неодобрение,Родня
"Да пошла ты, живи тогда со своим бывшим, раз он такой идеальный! Больше не подходи ко мне, между нами всё кончено!",Пик,Высокая,Гнев,Злость,Ревность
"Знаешь, я сегодня понял, что ты была права насчет того кредита. Спасибо, что удержала меня от этой глупости.",Разрешение,Низкая,Социальные,Осознание,Деньги
"Мне кажется, нам нужно обсудить распределение домашних дел. Я чувствую, что тяну всё на себе в последнее время.",Предконфликтная,Низкая,Гнев,Неодобрение,Быт
"Ты снова потратил деньги, которые мы откладывали на отпуск, на свои игры. Я просто в шоке от твоей безответственности!",Инцидент,Высокая,Гнев,Злость,Деньги
"Я чувствую, как мы отдаляемся всё дальше с каждым днём из-за отсутствия близости. Ты даже не пытаешься меня обнять.",Эскалация,Средняя,Грусть,Горе/Грусть,Секс
"Убирайся прочь из дома и не смей больше здесь появляться! Ты предал меня и наших детей, и прощения тебе нет!",Пик,Высокая,Гнев,Злость,Личность
"Я так благодарен тебе за то, что ты была рядом в этот трудный период. Твоя любовь — это единственное, что меня держит.",Разрешение,Высокая,Позитив,Любовь,Личность
"Почему ты никогда не спрашиваешь, как я себя чувствую, когда прихожу с работы? Тебя волнует только то, что на ужин.",Предконфликтная,Низкая,Грусть,Обида,Внимание
"Твои друзья опять устроили погром, а мне завтра вставать в шесть утра. Это просто верх эгоизма с твоей стороны!",Инцидент,Средняя,Гнев,Раздражение,Друзья
"Я боюсь, что если я сейчас скажу то, что думаю, мы расстанемся навсегда. Но я больше не могу молчать об этом.",Эскалация,Средняя,Страх,Напряжение/Нервозность,Личность
"Опять ты не помыл за собой посуду, хотя это была твоя очередь. Я устала напоминать об элементарных вещах!",Предконфликтная,Низкая,Гнев,Раздражение,Быт
"Ты весь вечер молчал и игнорировал мои вопросы. Мне кажется, я тебя просто раздражаю своим присутствием.",Инцидент,Средняя,Грусть,Обида,Внимание
"Как ты мог обсудить наши проблемы с мамой за моей спиной? Это наше личное дело, а не тема для сплетен!",Эскалация,Средняя,Гнев,Неодобрение,Родня
"Да заткнись ты, я больше не верю ни единому твоему обещанию! Ты лжец и всегда им был, убирайся вон!",Пик,Высокая,Гнев,Злость,Ревность
"Прости за вчерашний срыв, я действительно был неправ. Давай попробуем провести этот вечер спокойно и без упрёков.",Разрешение,Средняя,Социальные,Раскаяние,Личность
"Твои друзья опять зовут тебя пить, хотя у нас были планы. Ты когда-нибудь научишься говорить им «нет» ради меня?",Предконфликтная,Низкая,Гнев,Неодобрение,Друзья
"Ты стал совсем мало времени проводить с детьми, они тебя почти не видят. Ты вообще помнишь, что ты отец?",Инцидент,Средняя,Грусть,Разочарование,Дети
"Я чувствую, что ты меня постоянно контролируешь, даже в мелочах. Это не забота, это настоящая слежка и давление!",Эскалация,Средняя,Гнев,Раздражение,Контроль
"Уходи сейчас же, я не хочу тебя видеть после того, что я узнала! Ты растоптал мою любовь и наше будущее!",Пик,Высокая,Гнев,Злость,Ревность
"Знаешь, я сегодня поняла, что была слишком сурова к тебе из-за денег. Мы справимся со всем вместе, я верю в нас.",Разрешение,Низкая,Позитив,Оптимизм,Деньги
"Мне кажется, нам нужно больше времени проводить наедине, без телефонов. Мы совсем перестали разговаривать по душам.",Предконфликтная,Низкая,Позитив,Желание/Мотивация,Внимание
"Ты опять всё время в постели сидишь в ноутбуке, вместо того чтобы обнять меня. Я чувствую себя совсем ненужной.",Инцидент,Средняя,Грусть,Обида,Секс
Твои постоянные замечания по поводу моей готовки меня просто бесят! Если тебе так не нравится — готовь себе сам!,Эскалация,Средняя,Гнев,Раздражение,Быт
"Пошел ты к черту со своим враньём про «просто коллегу»! Я не дура и всё вижу, между нами всё кончено навсегда!",Пик,Высокая,Гнев,Злость,Ревность
"Я так рада, что мы наконец-то съездили в этот отпуск, он нам был очень нужен. Спасибо, что организовал всё так круто.",Разрешение,Высокая,Позитив,Признательность/Радость,Внимание
"Опять в холодильнике пусто, хотя ты обещала зайти в магазин. Теперь нам придётся тратить лишние деньги на доставку.",Предконфликтная,Низкая,Гнев,Раздражение,Быт
"Я боюсь, что из-за твоих долгов мы окажемся на улице, мне страшно за наше будущее. Пожалуйста, начни относиться к этому серьезно.",Инцидент,Высокая,Страх,Страх,Деньги
"Твоя мама опять учит меня воспитывать наших детей, а ты просто молчишь! Ты на чьей стороне вообще в этом доме?",Эскалация,Средняя,Гнев,Неодобрение,Родня
"Да заткнись ты, я не хочу слышать ни слова больше! Ты разрушил мою жизнь и растоптал моё сердце!",Пик,Высокая,Гнев,Злость,Личность
"Прости, что я был таким грубым, я просто очень сильно испугался за тебя. Я люблю тебя больше жизни, не делай так больше.",Разрешение,Средняя,Социальные,Эмпатия,Внимание
"Мне кажется, ты слишком много времени уделяешь общению с тем коллегой в чате. Это выглядит очень странно со стороны.",Предконфликтная,Низкая,Страх,Напряжение/Нервозность,Ревность
"Ты опять пообещал помочь с уборкой и просто проспал весь день. Твой эгоизм просто не знает границ, честное слово!",Инцидент,Средняя,Гнев,Раздражение,Быт
"Я чувствую, что ты меня совсем не ценишь и воспринимаешь мою заботу как должное. Ты перестал даже говорить «спасибо».",Эскалация,Средняя,Грусть,Обида,Внимание
"Убирайся прочь из квартиры, я больше не хочу иметь с тобой ничего общего! Ты лжец и предатель, проваливай!",Пик,Высокая,Гнев,Злость,Ревность
"Я сегодня понял, что был неправ насчет твоей работы, ты действительно крутой специалист. Прости, что сомневался в тебе.",Разрешение,Низкая,Социальные,Осознание,Личность
"Опять ты потратил деньги на ерунду, хотя мы копим на ремонт. Ты вообще думаешь о нашем общем будущем?",Предконфликтная,Низкая,Гнев,Неодобрение,Деньги
"Мне неприятно, когда ты обсуждаешь мои недостатки со своими друзьями. Это предательство нашего доверия и меня лично.",Инцидент,Средняя,Гнев,Обида,Друзья
"Я чувствую, что ты меня совсем не понимаешь и даже не пытаешься выслушать. Мы говорим на разных языках в последнее время.",Эскалация,Средняя,Грусть,Разочарование,Личность
"Как же я рада, что мы смогли найти в себе силы простить друг друга. Я очень дорожу тобой и нашей семьей, спасибо тебе.",Разрешение,Высокая,Позитив,Любовь,Личность
"Да мне наплевать, что ты там себе думаешь, я буду делать то, что считаю нужным! Твой контроль меня уже достал!",Пик,Высокая,Гнев,Злость,Контроль
"Мне кажется, ты стал меньше внимания уделять детям, они по тебе очень скучают. Попробуй хотя бы выходные проводить с ними.",Предконфликтная,Низкая,Грусть,Горе/Грусть,Дети
"Я чувствую, что мы окончательно погрязли в бытовухе и совсем забыли друг о друге. Где та страсть, что была раньше?",Эскалация,Средняя,Грусть,Разочарование,Секс
"Уходи сейчас же, я не хочу слышать твои жалкие оправдания после всего! Твое враньё — это конец нашей совместной жизни!",Пик,Высокая,Гнев,Злость,Ревность
"Я сегодня окончательно осознала, что была неправа, когда ревновала тебя. Спасибо за твоё терпение и за то, что ты рядом.",Разрешение,Средняя,Социальные,Осознание,Ревность
"Опять ты не убрала за собой, хотя я просил. Мне кажется, я разговариваю со стенкой, ничего не меняется!",Предконфликтная,Низкая,Гнев,Раздражение,Быт
"Ты обещал, что мы сходим в кино, и опять всё отменил из-за работы. Мои чувства для тебя явно на последнем месте.",Инцидент,Средняя,Грусть,Обида,Внимание
"Я боюсь, что из-за твоих постоянных посиделок с друзьями мы скоро совсем перестанем быть семьей. Остановись, пока не поздно.",Эскалация,Средняя,Страх,Напряжение/Нервозность,Друзья
"Ты сегодня была такой нежной и заботливой, спасибо тебе за этот вечер. Я очень ценю такие моменты спокойствия.",Разрешение,Средняя,Позитив,Забота,Внимание
"Да заткнись ты уже про свои рубашки, у меня своих проблем полно! С этого дня стираешь и гладишь себе сам!",Пик,Высокая,Гнев,Злость,Быт
"Мне кажется, ты стал слишком много времени проводить в телефоне, даже когда мы ужинаем. Это очень обидно для меня.",Предконфликтная,Низкая,Грусть,Обида,Внимание
"Почему ты опять распорядился нашими общими планами, не спросив моего мнения? Я не твоя тень, я имею право голоса!",Инцидент,Средняя,Гнев,Неодобрение,Контроль
"Твоя мама опять учит меня жить, а ты стоишь и поддакиваешь ей! Мне невыносимо чувствовать себя чужой в собственном доме.",Эскалация,Средняя,Гнев,Раздражение,Родня
"Убирайся прочь, я больше не верю ни единому твоему слову! Ты предал меня и разрушил всё, что у нас было!",Пик,Высокая,Гнев,Злость,Ревность
"Я сегодня понял, что зря спорил с тобой по поводу детей. Ты действительно лучше чувствуешь, что им нужно сейчас.",Разрешение,Низкая,Социальные,Эмпатия,Дети
Опять ты потратил деньги из «подушки безопасности» на свои запчасти. Ты когда-нибудь начнешь думать о нашей стабильности?,Предконфликтная,Низкая,Гнев,Неодобрение,Деньги
"Мне очень больно, когда ты игнорируешь мои просьбы о помощи по дому. Я чувствую себя твоей прислугой, а не женой.",Инцидент,Средняя,Грусть,Обида,Быт
"Я чувствую, что ты меня совсем не слышишь и даже не пытаешься понять мою позицию. Мы просто топчемся на месте.",Эскалация,Средняя,Грусть,Разочарование,Личность
"Как же я рада, что мы смогли сесть и спокойно обсудить наше будущее без криков. Мне стало гораздо легче дышать.",Разрешение,Высокая,Позитив,Облегчение,Внимание
"Да пошла ты со своими правилами, я буду делать то, что хочу! Твой вечный контроль меня уже достал до печенок!",Пик,Высокая,Гнев,Злость,Контроль
"Опять ты оставил грязную чашку на столе, хотя я просила убирать за собой сразу. Это же минутное дело!",Предконфликтная,Низкая,Гнев,Раздражение,Быт
"Ты весь вечер просидел в телефоне, пока я пыталась обсудить наши планы на отпуск. Тебе вообще всё равно на нас?",Инцидент,Средняя,Грусть,Обида,Внимание
"Как ты мог спустить все деньги, отложенные на ремонт, на свои дурацкие авантюры? Нам теперь жить в этом разгроме!",Эскалация,Высокая,Гнев,Злость,Деньги
"Хватит орать на сына из-за каждой мелочи, ты его просто запугал! Если не можешь сдержаться — уходи из дома!",Пик,Высокая,Гнев,Злость,Дети
"Твои друзья опять собираются у нас без предупреждения, а я хотела тишины. Почему ты никогда не спрашиваешь меня?",Предконфликтная,Низкая,Гнев,Неодобрение,Друзья
"Твоя мама снова прислала список советов, как мне одеваться и краситься. Я чувствую себя под постоянным прицелом в этом доме.",Инцидент,Средняя,Гнев,Раздражение,Родня
"Ты стал таким холодным в постели, будто я тебя совсем не привлекаю. Мне не хватает твоего тепла и ласки.",Эскалация,Средняя,Грусть,Разочарование,Секс
"Ты опять проверяешь мои лайки, это уже похоже на паранойю. Дай мне хоть каплю личного пространства и доверия!",Предконфликтная,Средняя,Гнев,Раздражение,Контроль
"Пошел вон, я больше не верю ни одному твоему слову после того вранья! На этом наши отношения закончены навсегда!",Пик,Высокая,Гнев,Злость,Ревность
Ты опять пообещал забрать детей и просто «забыл» об этом. Неужели тебе настолько наплевать на их чувства?,Инцидент,Средняя,Грусть,Разочарование,Дети
"Мне так страшно, что из-за твоих долгов мы потеряем всё, что строили. Я места себе не нахожу от постоянной тревоги.",Предконфликтная,Средняя,Страх,Напряжение/Нервозность,Деньги
"Это просто чудо, что мы смогли всё решить мирно и не разойтись. Я очень тебя люблю и верю в наше светлое будущее.",Разрешение,Высокая,Позитив,Любовь,Личность
"Опять ты не купил хлеб, хотя я напоминала тебе об этом трижды. Мне кажется, ты делаешь это специально, чтобы позлить меня.",Предконфликтная,Низкая,Гнев,Раздражение,Быт
"Ты опять задержался без предупреждения, а я готовила сюрприз. Твоё равнодушие к моим стараниям просто убивает всё желание.",Предконфликтная,Низкая,Грусть,Обида,Внимание
"Какого черта ты опять пригласила брата пожить без спроса? Это наш общий дом, и я требую уважения к своему покою!",Пик,Высокая,Гнев,Злость,Родня
"Да мне плевать, что ты там думаешь, я буду общаться с кем захочу! Твой контроль уже переходит все разумные границы!",Пик,Высокая,Гнев,Злость,Контроль
"Уходи, я не хочу больше тебя видеть после того, что ты наговорил моей семье! Ты оскорбил всех, кто мне дорог!",Пик,Высокая,Гнев,Злость,Родня
"Я сегодня поняла, что была неправа, когда критиковала твое отношение к детям. Ты действительно стараешься быть хорошим отцом.",Разрешение,Средняя,Социальные,Эмпатия,Дети
"Опять ты потратила огромную сумму на ерунду, хотя мы копим на отпуск. Неужели твои хотелки важнее нашего отдыха?",Предконфликтная,Низкая,Гнев,Раздражение,Деньги
Опять ты оставил свои грязные носки посреди гостиной. Это так трудно — донести их до корзины для белья?,Предконфликтная,Низкая,Гнев,Раздражение,Быт
"Ты опять промолчал во время спора с твоими родителями, хотя они были неправы. Мне кажется, я совсем не чувствую твоей защиты.",Инцидент,Средняя,Грусть,Обида,Родня
Какого черта ты опять без спроса взял мои личные накопления на свои «срочные» дела? Это просто воровство у собственного партнера!,Эскалация,Высокая,Гнев,Злость,Деньги
"Убирайся прочь, я больше не хочу слушать твое бесконечное вранье про встречи по работе! Ты предал моё доверие окончательно!",Пик,Высокая,Гнев,Злость,Ревность
"Слушай, я был неправ, когда накричал на тебя из-за той разбитой вазы. Давай просто забудем об этом и закажем сегодня пиццу.",Разрешение,Средняя,Социальные,Раскаяние,Быт
"Твои друзья опять притащились без предупреждения, а я хотела просто отдохнуть. Почему мои желания для тебя всегда на последнем месте?",Предконфликтная,Низкая,Гнев,Неодобрение,Друзья
"Ты постоянно критикуешь то, как я одеваюсь, и это очень сильно бьет по моей самооценке. Зачем ты пытаешься меня переделать?",Инцидент,Средняя,Грусть,Разочарование,Личность
"Я чувствую, что наш секс стал каким-то механическим процессом без капли нежности. Куда делась вся та страсть, что была у нас раньше?",Эскалация,Средняя,Грусть,Обида,Секс
"Да пошла ты со своими претензиями, я и так пашу на трёх работах ради вас! Если тебе что-то не нравится — дверь вон там!",Пик,Высокая,Гнев,Злость,Деньги
"Я так рада, что мы смогли сесть и спокойно обсудить всё, что нас так долго беспокоило. У меня прямо гора с плеч свалилась.",Разрешение,Высокая,Позитив,Облегчение,Внимание
"Опять ты забыл забрать ребенка из садика, хотя это была твоя очередь. Мне пришлось бросать все дела и бежать сломя голову.",Предконфликтная,Средняя,Гнев,Раздражение,Дети
"Мне страшно, когда ты начинаешь так громко орать и хлопать дверями из-за ерунды. Я больше не чувствую себя в безопасности в этом доме.",Инцидент,Высокая,Страх,Страх,Личность
"Почему ты постоянно проверяешь мои переписки, это уже похоже на какую-то болезненную слежку! Дай мне хоть немного личного пространства.",Эскалация,Средняя,Гнев,Раздражение,Контроль
"Пошел вон, я видела твою переписку с той девицей из банка и больше не верю тебе! Твое предательство — это жирная точка в нашем браке!",Пик,Высокая,Гнев,Злость,Ревность
"Знаешь, я сегодня понял, что был слишком категоричен по поводу твоего желания сменить работу. Я поддержу тебя в любых начинаниях.",Разрешение,Низкая,Социальные,Осознание,Личность
"Опять твоя мама звонит в семь утра, чтобы дать очередной «бесценный» совет. Пожалуйста, попроси её уважать наши выходные и покой.",Предконфликтная,Низкая,Гнев,Раздражение,Родня
Ты постоянно отменяешь наши свидания ради своих вечных посиделок с друзьями в гараже. Я чувствую себя совсем заброшенной и неважной.,Инцидент,Средняя,Грусть,Обида,Друзья
"Я боюсь, что наше охлаждение в общении приведет к тому, что мы просто разведемся. Давай попробуем что-то изменить, пока не поздно.",Эскалация,Средняя,Страх,Напряжение/Нервозность,Внимание
"Да мне плевать на твои слезы, ты сама во всём виновата со своей вечной ревностью! Ты просто выносишь мне мозг каждый божий день!",Пик,Высокая,Гнев,Злость,Ревность
"Мне кажется, ты слишком много времени уделяешь соцсетям, даже когда мы ужинаем. Это очень обидно — чувствовать себя на втором плане.",Предконфликтная,Низкая,Грусть,Обида,Внимание
"Твои друзья опять оставили гору пустых бутылок, а убирать всё должна я одна. Это просто верх наглости и полного неуважения к дому.",Инцидент,Средняя,Гнев,Раздражение,Друзья
"Я чувствую, что мы тонем в бесконечных упреках из-за каждой копейки в бюджете. Наши отношения превратились в сплошную бухгалтерию.",Эскалация,Средняя,Грусть,Горе/Грусть,Деньги
"Уходи сейчас же, я видела твое сообщение от той «бывшей» в три часа ночи! Ты лжец и предатель, и я больше не хочу тебя знать!",Пик,Высокая,Гнев,Злость,Ревность
"Я сегодня окончательно осознала, что была неправа, когда критиковала твою новую работу. Ты действительно нашел себя, и я горжусь тобой.",Разрешение,Средняя,Социальные,Эмпатия,Личность
"Опять ты не купила продукты, хотя я напоминал тебе об этом трижды за день. Теперь нам придётся тратить лишние деньги на доставку еды.",Предконфликтная,Низкая,Гнев,Раздражение,Быт
"Мне очень неприятно, когда ты обсуждаешь мои промахи со своими родителями по телефону. Это предательство нашего доверия и союза.",Инцидент,Средняя,Гнев,Неодобрение,Родня
"Я чувствую, что ты меня совсем не понимаешь и даже не пытаешься выслушать мои боли. Мы стали как два абсолютно чужих человека.",Эскалация,Средняя,Грусть,Разочарование,Внимание
"Да заткнись ты уже про свои обиды, я буду делать то, что считаю нужным в своём доме! С этого дня я живу только для себя!",Пик,Высокая,Гнев,Злость,Личность
"Опять ты оставил открытым окно, хотя я просила закрывать, когда уходишь. В комнате теперь жуткий холод, а я простужена!",Предконфликтная,Низкая,Гнев,Раздражение,Быт
"Ты весь вечер просидел с угрюмым видом у моих друзей, и это было очень неловко. Твое поведение портит всем настроение и праздник.",Инцидент,Средняя,Грусть,Обида,Друзья
"Хватит орать на меня при соседях, ты себя ведешь как настоящий психопат и неадекват! Если тебе есть что сказать — говори дома спокойно!",Пик,Высокая,Гнев,Злость,Личность
"Ты стал таким равнодушным к моим успехам, будто тебе совсем всё равно на мою жизнь. Мне не хватает твоей поддержки и простого внимания.",Эскалация,Средняя,Грусть,Разочарование,Внимание
"Я видела твое сообщение от той «бывшей», не смей мне нагло врать в глаза прямо сейчас! Это подлое предательство, которое я не забуду!",Пик,Высокая,Гнев,Злость,Ревность
"Ты опять поменял пароль на телефоне, хотя обещал больше ничего не скрывать от меня. Твоя таинственность заставляет меня постоянно нервничать.",Предконфликтная,Средняя,Гнев,Раздражение,Контроль
"Мне страшно находиться с тобой в одной квартире, когда ты начинаешь так громко швырять вещи. Твоя агрессия на пустом месте просто пугает.",Инцидент,Высокая,Страх,Страх,Личность
"Это действительно большое чудо, что мы смогли найти в себе силы искренне простить друг друга. Я очень люблю тебя и хочу быть только с тобой.",Разрешение,Высокая,Позитив,Любовь,Личность
"Опять ты не предупредил, что твоя сестра придет на ужин, а я хотела отдохнуть. Почему ты никогда не считаешься с моим состоянием и планами?",Предконфликтная,Низкая,Гнев,Раздражение,Родня
"Почему ты никогда не даришь мне комплименты без повода, я же стараюсь быть для тебя красивой. Мне очень больно чувствовать твое равнодушие.",Инцидент,Средняя,Грусть,Обида,Внимание
"Твои бесконечные поучения, как мне общаться с моими родителями, просто выводят меня из себя! Я сама разберусь в своих семейных делах без советов!",Эскалация,Средняя,Гнев,Раздражение,Контроль
"Да мне плевать на твои пустые обещания, ты опять просадил все деньги, отложенные на мебель! Ты совершенно безответственный человек, уходи прочь!",Пик,Высокая,Гнев,Злость,Деньги
"Я сегодня осознала, что была неоправданно строга к тебе из-за беспорядка на кухне. Главное — твое желание меня порадовать, а посуду помоем вместе.",Разрешение,Низкая,Социальные,Раскаяние,Быт
"Твои друзья опять зовут тебя на охоту в мой выходной, когда мы планировали поездку. Почему твои развлечения всегда важнее наших общих планов?",Предконфликтная,Низкая,Гнев,Неодобрение,Друзья
"Я заметил, что ты стала очень скрытной и вздрагиваешь каждый раз у компьютера. Это поведение человека, который ведет тайную игру на стороне и боится.",Инцидент,Высокая,Страх,Страх,Ревность
"Хватит орать на меня из-за того, что я пришла домой на час позже из-за пробок в городе! Я не обязана отчитываться за каждую минуту перед твоим судом!",Эскалация,Средняя,Гнев,Раздражение,Контроль
"Я просто хочу, чтобы ты меня крепко обнял и ничего не спрашивал, мне страшно потерять нас. Все эти крики кажутся ничтожными перед угрозой расставания.",Инцидент,Высокая,Страх,Напряжение/Нервозность,Личность
"Спасибо, что поддержал меня в моем смелом решении начать свой бизнес, несмотря на риски. Твоя непоколебимая вера в мой успех придала мне сил справиться.",Разрешение,Средняя,Позитив,Признательность/Радость,Деньги
"Опять в ванной гора твоих разбросанных тюбиков и волос, которые ты никогда не убираешь. Тебе так сложно оставить раковину чистой для меня?",Предконфликтная,Низкая,Гнев,Раздражение,Быт
"Ты обещал, что мы сходим на премьеру нового фильма, а в итоге опять всё отменил из-за дел. Мне очень больно понимать, что я всегда на вторых ролях.",Инцидент,Средняя,Грусть,Обида,Внимание
"Какого черта ты опять пригласил брата пожить у нас недельку, даже не спросив меня?! Это наш общий дом, и я имею право голоса в том, кто тут живет!",Эскалация,Высокая,Гнев,Неодобрение,Родня
"Убирайся прочь, я видела твою тайную переписку с той девицей из твоей прошлой компании! Ты подлый лжец, который клялся мне в верности, пока предавал!",Пик,Высокая,Гнев,Злость,Ревность
"Я сегодня понял, что был слишком категоричен по поводу твоего желания сменить сферу работы. Ты права — жизнь коротка для нелюбимого дела, я тебя поддержу.",Разрешение,Низкая,Позитив,Одобрение,Личность
"Твои друзья опять курят на кухне, хотя я сто раз просила их выходить на балкон из-за аллергии. Почему ты не можешь защитить моё здоровье в нашем доме?",Предконфликтная,Средняя,Гнев,Неодобрение,Друзья
"Я заметила, что ты стала удалять все логи звонков и переворачивать телефон экраном вниз. Это поведение человека, который ведет двойную жизнь и боится.",Инцидент,Высокая,Страх,Напряжение/Нервозность,Ревность
"Хватит контролировать каждую копейку в моем кошельке и требовать отчета за любой поход в магазин! Я взрослая женщина и сама знаю, как распоряжаться бюджетом.",Эскалация,Средняя,Гнев,Раздражение,Деньги
"Я просто хочу тишины и чтобы меня никто не трогал пару часов, нет сил на очередные выяснения. Вся эта ситуация вымотала меня морально до полного опустошения.",Предконфликтная,Низкая,Нейтральные,Нейтральность,Личность
"Как же я счастлив, что мы смогли найти в себе силы простить друг друга и строить будущее. Ты — самая мудрая женщина на свете, я благодарен судьбе за тебя.",Разрешение,Высокая,Позитив,Любовь,Личность
"Опять ты не убрала за собой крошки со стола после завтрака, хотя это секундное дело. Твои элементарные просьбы о порядке в доме систематически игнорируются.",Предконфликтная,Низкая,Гнев,Раздражение,Быт
"Ты обещал, что мы сходим на концерт вместе, а в итоге отдал мой билет своему новому коллеге. Мне очень больно осознавать, что мои мечты для тебя значат так мало.",Инцидент,Средняя,Грусть,Обида,Внимание
"Какого черта ты опять обсуждаешь наши семейные неурядицы со своей матерью по телефону в комнате?! Это наше личное дело, я против того, чтобы родня знала всё.",Эскалация,Высокая,Гнев,Неодобрение,Родня
"Убирайся прочь, я видела твою переписку в скрытом чате, и не смей врать, что это ошибка! Ты предал меня в самый уязвимый момент, когда я нуждалась в тебе.",Пик,Высокая,Гнев,Злость,Ревность
"Я сегодня понял, что был слишком категоричен в суждениях о твоем новом хобби и зря ворчал. Ты так светишься от радости после мастер-классов, и это очень круто.",Разрешение,Низкая,Позитив,Одобрение,Личность
Твои друзья опять оставили гору немытой посуды и стойкий запах дыма в нашей квартире. Почему ты не можешь попросить их вести себя чуть приличнее в гостях?,Предконфликтная,Средняя,Гнев,Неодобрение,Друзья
"Я заметила, что ты стала ставить сложные пароли на все мессенджеры и вздрагивать у телефона. Это поведение человека, который ведет тайную переписку на стороне.",Инцидент,Высокая,Страх,Страх,Ревность
"Хватит орать на меня из-за того, что я купила новую одежду ребенку без твоего согласия! Это предметы первой необходимости для его роста, а не роскошь, я мать!",Эскалация,Средняя,Гнев,Раздражение,Деньги
"Я просто хочу, чтобы меня никто не трогал хотя бы до утра, у меня нет сил на разборки. Вся эта ситуация с конфликтами вымотала меня до полного опустошения.",Предконфликтная,Низкая,Нейтральные,Нейтральность,Личность
"Как же я рада, что мы наконец-то смогли сесть за стол и спокойно обсудить все обиды. Ты — самый дорогой мне человек, я очень боюсь потерять нашу связь.",Разрешение,Высокая,Позитив,Любовь,Личность
"Опять ты не предупредила, что подруга заглянет на ужин, когда я планировал отдых. Почему ты никогда не учитываешь моё состояние и потребность в тишине дома?",Предконфликтная,Низкая,Гнев,Раздражение,Друзья
"Почему ты никогда не даришь мне комплименты без повода, я должна выпрашивать каждое слово. Мне очень больно осознавать, что вся романтика в отношениях испарилась.",Инцидент,Средняя,Грусть,Обида,Внимание
"Я заметил, что ты стала очень скрытной и вздрагиваешь каждый раз рядом с ноутбуком. Это поведение человека, который ведет тайную игру и панически боится признаться.",Инцидент,Высокая,Страх,Страх,Ревность
"Хватит орать из-за того, что я пришла домой на час позже из-за пробок в городе! Я не в колонии строгого режима и не обязана отчитываться за каждую минуту.",Эскалация,Средняя,Гнев,Раздражение,Контроль
"Спасибо, что поддержал меня в моем решении начать свой бизнес, несмотря на все финансовые риски. Я бесконечно тебя люблю и ценю твою надежность как самого близкого друга.",Разрешение,Средняя,Позитив,Признательность/Радость,Деньги
"Почему ты никогда не даришь мне подарки просто так, я должна напоминать о каждом празднике. Мне очень больно осознавать, что вся романтика испарилась из-за равнодушия.",Инцидент,Средняя,Грусть,Обида,Внимание
"Твои бесконечные поучения, как мне общаться с моими родителями, просто выводят из равновесия! Я сама разберусь в своих связях без твоих советов и вмешательства!",Эскалация,Средняя,Гнев,Раздражение,Контроль
"Да мне плевать на обещания, ты опять просадил все деньги, отложенные на новую технику! Ты совершенно безответственный человек, для которого каприз важнее дома!",Пик,Высокая,Гнев,Злость,Деньги
"Твои друзья опять зовут тебя на футбол в мой выходной, когда мы планировали поехать к родителям. Почему твои развлечения всегда весомее наших совместных планов и обещаний?",Предконфликтная,Низкая,Гнев,Неодобрение,Друзья
"Я заметил, что ты стала скрытной и вздрагиваешь каждый раз рядом со смартфоном на столе. Это поведение человека, который ведет тайную игру и боится, что секреты станут явными.",Инцидент,Высокая,Страх,Страх,Ревность
"Хватит орать из-за того, что я пришла домой позже из-за огромных пробок на дорогах! Я не в колонии и не обязана отчитываться за каждую минуту перед твоим судом.",Эскалация,Средняя,Гнев,Раздражение,Контроль
"Опять ты не помыл за собой сковородку, и к утру она превратилась в настоящий арт-объект. Мне кажется, я прошу об элементарных вещах в быту, но они игнорируются систематически.",Предконфликтная,Низкая,Гнев,Раздражение,Быт
"Ты обещал, что мы проведем вечер только вдвоем, а в итоге опять завис в онлайн-игре. Мои слова и наши общие планы для тебя явно стоят ниже, чем рейтинг в виртуальном мире.",Инцидент,Средняя,Грусть,Обида,Внимание
"Какого черта ты опять без спроса взяла мою кредитку и потратила лимит на ерунду?! У нас был четкий план расходов на месяц, и ты его просто разрушила одним импульсом.",Эскалация,Высокая,Гнев,Неодобрение,Деньги
"Убирайся прочь, я видела твой профиль на сайте знакомств с фото из нашей спальни! Ты подлый изменник, который пользовался моей добротой ради своих интрижек!",Пик,Высокая,Гнев,Злость,Ревность
"Я сегодня понял, что был неправ, когда критиковал твое стремление пойти на курсы вождения. Ты отлично справилась с первыми занятиями, и я вижу, как для тебя это важно.",Разрешение,Низкая,Позитив,Одобрение,Личность
"Твои друзья опять устроили шумную посиделку, хотя я просил о тишине из-за экзамена. Почему ты никогда не считаешься с моими этапами в жизни и ставишь комфорт приятелей выше?",Предконфликтная,Средняя,Гнев,Неодобрение,Друзья
"Я заметила, что ты стала задерживаться на «дополнительных сменах» и возвращаться с запахом чужого парфюма. Если у тебя кто-то появился — имей смелость признаться прямо сейчас!",Инцидент,Высокая,Страх,Напряжение/Нервозность,Внимание
"Хватит попрекать каждой копейкой на обучение ребенка, это вклад в его будущее, а не прихоть! Ты зарабатываешь деньги для благополучия семьи, а не для власти надо мной.",Эскалация,Средняя,Гнев,Раздражение,Деньги
"Я просто хочу, чтобы ты меня крепко обнял и ничего не говорил, мне так плохо и одиноко. Вся эта череда конфликтов лишила меня жизненных сил и веры в любовь.",Инцидент,Высокая,Грусть,Горе/Грусть,Личность
"Спасибо, что поддержал меня в решении сменить профессию, несмотря на все страхи и мнение окружающих. Твоя вера в мои таланты придала мне сил начать всё с самого начала.",Разрешение,Средняя,Позитив,Признательность/Радость,Личность
"Опять ты не убрал за собой остатки еды в комнате, и к утру по квартире стоит специфический запах. Тебе так трудно потратить минуту, чтобы отнести тарелку на кухню после перекуса?",Предконфликтная,Низкая,Гнев,Раздражение,Быт
"Ты обещал, что мы сходим на выставку, а в итоге опять уехал помогать брату с переездом. Мои желания для тебя всегда на последнем месте после просьб твоих родственников.",Инцидент,Средняя,Грусть,Обида,Родня
"Какого черта ты опять обсуждаешь наши интимные отношения со своей матерью по телефону в моём присутствии?! Это наше личное дело, я против такой откровенности с родней.",Эскалация,Высокая,Гнев,Неодобрение,Секс
"Убирайся прочь, я видела твой второй телефон с переписками, которые не оставляют сомнений в измене! Ты подлый лицемер, который строил из себя верного супруга, пока предавал!",Пик,Высокая,Гнев,Злость,Ревность
"Я сегодня понял, что был слишком категоричен в суждениях о твоем новом увлечении танцами. Ты так преобразилась и стала увереннее в себе, и это на самом деле очень круто.",Разрешение,Низкая,Позитив,Одобрение,Личность
"Твои друзья опять устроили шумную посиделку, хотя я просила о тишине из-за самочувствия. Почему ты никогда не ставишь моё здоровье выше желаний своей компании приятелей?",Предконфликтная,Средняя,Гнев,Неодобрение,Друзья
"Я заметила, что ты стала удалять сообщения и переворачивать телефон экраном вниз. Это поведение человека, который ведет тайную переписку и боится быть раскрытым партнером.",Инцидент,Высокая,Страх,Страх,Ревность
"Хватит попрекать копейкой на развивающие занятия для сына, это вклад в его будущее! Ты зарабатываешь для семьи, а не для того, чтобы контролировать мой шаг в воспитании.",Эскалация,Средняя,Гнев,Раздражение,Деньги
"Я просто хочу тишины и чтобы меня никто не трогал, нет сил на разборки кто прав. Вся эта ситуация с вечными ссорами вымотала меня морально до полного опустошения.",Предконфликтная,Низкая,Нейтральные,Нейтральность,Личность
"Как же я рада, что мы наконец-то смогли сесть и спокойно обсудить обиды, что копились годами. Ты — самый близкий мне человек, я очень боюсь потерять нашу связь из-за ерунды.",Разрешение,Высокая,Позитив,Любовь,Личность
"Опять ты не предупредила, что задержишься на девичнике, и я два часа ждал тебя с праздничным ужином. Моё время тоже имеет значение, я не обязан сидеть и гадать, когда ты вернешься.",Предконфликтная,Низкая,Гнев,Раздражение,Внимание
"Почему ты никогда не советуешься со мной, когда принимаешь важные решения по поводу воспитания детей? Ты просто ставишь перед фактом выбора школы, и это обидно для отца.",Инцидент,Средняя,Грусть,Обида,Дети
"Твои постоянные придирки к моей манере общения с родственниками доводят до бешенства! Я стараюсь быть вежливой, но твоя критика делает ситуацию только более напряженной.",Эскалация,Средняя,Гнев,Раздражение,Родня
"Да мне плевать на твои оправдания, ты опять потратил все деньги с накопительного счета на азартные игры! Ты совершенно ненадежный человек, собирай манатки и вали к собутыльникам!",Пик,Высокая,Гнев,Злость,Деньги
"Я сегодня осознала, что зря ревновала тебя к той коллеге, она действительно просто профессионал. Прости за сцены и недоверие, я просто боюсь тебя потерять и иногда теряю голову.",Разрешение,Средняя,Социальные,Раскаяние,Ревность
"Твои друзья опять оставили гору мусора и запах пива на моем любимом ковре. Я не нанималась клининговой службой для твоих приятелей, пусть в следующий раз убирают за собой!",Предконфликтная,Низкая,Гнев,Неодобрение,Друзья
"Я заметил, что ты стала часто задерживаться на работе и приходить в приподнятом настроении. Это очень странно, у меня закрадываются подозрения, которые боюсь даже озвучить.",Инцидент,Высокая,Страх,Страх,Внимание
"Хватит орать на детей из-за того, что они шумят, они просто играют, а ты вечно не в духе! Ты приходишь и начинаешь строить всех, твоя агрессия выматывает всех нас.",Эскалация,Средняя,Гнев,Раздражение,Дети
"Я просто не верю, что всё это происходит с нами, будто в каком-то плохом кино. Мы же были так счастливы, куда всё ушло, почему теперь только боль и взаимные упреки?",Инцидент,Высокая,Грусть,Горе/Грусть,Личность
"Спасибо, что поддержала меня перед моими родителями, это было очень важно в тот момент. Я знаю, как тебе непросто с ними, но ты проявила выдержку, я это очень ценю.",Разрешение,Средняя,Позитив,Признательность/Радость,Родня
"Опять в ванной гора твоих мокрых полотенец на полу, хотя я сто раз просил вешать их. Тебе так сложно проявить заботу о порядке в доме и уважение к моему труду?",Предконфликтная,Низкая,Гнев,Раздражение,Быт
"Ты обещал, что мы сходим в театр в эти выходные, а в итоге опять отменил всё из-за сестры. Мне больно понимать, что я для тебя всегда на вторых ролях после родственников.",Инцидент,Средняя,Грусть,Обида,Родня
"Убирайся прочь, я видела твою тайную переписку с бывшей женой, не смей мне врать! Ты подлый лжец, который клялся мне в любви, пока за спиной обсуждал наши проблемы с ней!",Пик,Высокая,Гнев,Злость,Ревность
"Я сегодня понял, что был неправ, когда критиковал твое стремление пойти на курсы психологии. Нам обоим нужно учиться разговаривать друг с другом, я готов меняться ради нас.",Разрешение,Низкая,Позитив,Одобрение,Личность
"Твои друзья опять курят на кухне, хотя я сто раз просила этого не делать из-за аллергии ребенка. Ты совсем не считаешься с моим здоровьем и комфортом в нашем собственном доме.",Предконфликтная,Средняя,Гнев,Неодобрение,Друзья
"Я заметила, что ты стал удалять все переписки в телеграме и ставишь пароль даже на заметки. Это поведение человека, который ведет тайную жизнь и боится быть разоблаченным.",Инцидент,Высокая,Страх,Напряжение/Нервозность,Ревность
"Хватит попрекать каждой копейкой на себя, когда ты спускаешь состояние на компьютерные игры! Я тоже зарабатываю и имею право на радости без твоего вечного контроля.",Эскалация,Средняя,Гнев,Раздражение,Деньги
"Я просто хочу, чтобы ты меня крепко обнял и ничего не говорил, мне страшно потерять нас. Все эти ссоры кажутся ничтожными по сравнению с мыслью, что мы расстанемся.",Инцидент,Высокая,Страх,Страх,Личность
"Спасибо, что поддержала меня в решении заняться спортом и купила абонемент в зал. Твоя вера в мои силы придала мне импульс для перемен, ты моя главная опора.",Разрешение,Средняя,Позитив,Любовь,Внимание
"Опять в раковине гора посуды, хотя сегодня твоя очередь наводить порядок на кухне. Тебе так сложно потратить десять минут на чистоту в доме, где мы оба живем?",Предконфликтная,Низкая,Гнев,Раздражение,Быт
"Ты обещал, что мы сходим в парк с детьми, а в итоге опять весь день пролежал с телефоном. Им нужно твое внимание, а ты отделываешься обещаниями, мне горько видеть их лица.",Инцидент,Средняя,Грусть,Разочарование,Дети
"Какого черта ты обсуждаешь мои личные проблемы со своим братом за моей спиной?! Это касается только меня, я не давала разрешения выносить это на обсуждение родственников!",Эскалация,Высокая,Гнев,Неодобрение,Личность
"Убирайся вон, я видела твое фото с той девицей на пляже, и не смей врать про «коллегу»! Ты лживый изменник, который пользовался моим доверием ради своих интрижек!",Пик,Высокая,Гнев,Злость,Ревность
"Я сегодня поняла, что была слишком сурова к тебе из-за пролитого кофе на новый ковер. Это всего лишь вещь, наши отношения важнее, не должна была так сильно кричать.",Разрешение,Низкая,Социальные,Раскаяние,Быт
"Твои друзья опять зовут тебя на охоту в мой выходной, когда мы планировали покупку мебели. Почему ты всегда выбираешь увлечения вместо того, чтобы уделить время общему быту?",Предконфликтная,Низкая,Гнев,Неодобрение,Друзья
"Я заметил, что ты стала нервно реагировать на вопросы о твоем дне и постоянно прячешь взгляд. Это поведение человека, который ведет двойную игру и боится, что секреты выплывут.",Инцидент,Высокая,Страх,Страх,Ревность
"Хватит попрекать меня каждой копейкой на йогу, когда ты спускаешь состояние на запчасти! Моё душевное спокойствие важно не меньше, чем твоя машина, имей в виду.",Эскалация,Средняя,Гнев,Раздражение,Деньги
"Я просто хочу, чтобы ты меня сейчас обнял и ничего не спрашивал, мне плохо и одиноко внутри. Вся эта череда ссор лишила меня всех сил и веры в наше общее счастье.",Инцидент,Высокая,Грусть,Горе/Грусть,Личность
"Спасибо, что починил мне машину и заправил полный бак, это была приятная неожиданность утром. Я вижу твою заботу в мелочах, это делает меня самой счастливой женщиной.",Разрешение,Средняя,Позитив,Признательность/Радость,Быт
"Опять в холодильнике шаром покати, хотя ты обещал зайти за продуктами по пути из зала. Теперь нам придется тратить деньги на ночную доставку еды, будь чуть ответственнее.",Предконфликтная,Низкая,Гнев,Раздражение,Быт
"Почему ты обсуждаешь наши интимные проблемы со своими подругами, это верх бестактности! То, что происходит в спальне, должно оставаться только между нами двумя.",Инцидент,Средняя,Гнев,Обида,Секс
"Ты постоянно сравниваешь нашу дочь с детьми своих успешных подруг, это невыносимо слышать. Ребенку нужна безусловная любовь матери, а не вечные попреки и ожидания.",Эскалация,Средняя,Страх,Напряжение/Нервозность,Дети
"Да пошел ты к черту со своим тотальным контролем, я буду встречаться с кем хочу! Ты мне не хозяин, чтобы диктовать, с кем проводить свободное время без твоего надзора!",Пик,Высокая,Гнев,Злость,Контроль
"Я сегодня поняла, что была холодна после твоей неудачи с тем крупным бизнес-проектом. Прости, я сама испугалась за нашу стабильность и не нашла слов поддержки.",Разрешение,Средняя,Социальные,Эмпатия,Деньги
"Твои друзья опять отпускают едкие шуточки по поводу внешности, а ты сидишь и молчишь. Мне неприятно это слышать, я чувствую себя мишенью для вашего коллективного остроумия.",Предконфликтная,Низкая,Гнев,Неодобрение,Друзья
"Я увидела в твоем кармане чек из магазина женского белья, но у меня нет никаких обновок. У меня внутри всё похолодело — для кого этот подарок, если не для меня?",Инцидент,Высокая,Страх,Страх,Ревность
"Хватит попрекать меня деньгами на продукты, ты зарабатываешь для семьи, а не для контроля! Твоя патологическая жадность убивает во мне желание строить с тобой быт.",Эскалация,Средняя,Гнев,Раздражение,Деньги
"Я просто хочу, чтобы этот кошмарный вечер поскорее закончился, нет сил на разговор после ссоры. Внутри какая-то звенящая пустота и полное безразличие ко всему.",Предконфликтная,Низкая,Нейтральные,Нейтральность,Личность
"Как же я счастлив, что мы смогли преодолеть обиды и снова начать доверять друг другу. Ты самая удивительная женщина, я бесконечно благодарен судьбе за наш брак.",Разрешение,Высокая,Позитив,Любовь,Личность
"Опять ты не предупредила, что задержишься, и я два часа ждал тебя с праздничным ужином. Моё время тоже имеет значение, начни проявлять уважение к моему беспокойству.",Предконфликтная,Низкая,Гнев,Раздражение,Внимание
"Да мне плевать на твои оправдания, ты опять потратил все деньги с кредитки на азартные игры! Ты совершенно безответственный человек, собирай вещи и уходи!",Пик,Высокая,Гнев,Злость,Деньги
"Я сегодня осознала, что зря ревновала тебя к той секретарше, ты действительно любишь только меня. Прости за мои глупые сцены, давай забудем этот инцидент и насладимся вечером.",Разрешение,Средняя,Социальные,Раскаяние,Ревность
"Я заметил, что ты стала часто задерживаться и возвращаться домой в приподнятом настроении. Это странно выглядит, у меня закрадываются мысли, которые боюсь даже произносить.",Инцидент,Высокая,Страх,Страх,Внимание
"Хватит орать на детей из-за того, что они шумят и мешают тебе смотреть телевизор! Они просто играют, а ты вечно раздражен в их присутствии, это пугает их.",Эскалация,Средняя,Гнев,Раздражение,Дети
"Ты обещал, что мы сходим на премьеру, а в итоге опять всё отменил из-за дел в гараже. Я ждала этого вечера, а ты просто вычеркнул меня из расписания ради железяк.",Инцидент,Средняя,Грусть,Обида,Внимание
"Какого черта ты опять пригласил своего брата пожить у нас недельку, не спросив согласия?! Это наш общий дом, твое самоуправство доводит до бешенства!",Эскалация,Высокая,Гнев,Неодобрение,Родня
"Убирайся прочь, я видела твою тайную переписку с той девицей из соцсетей! Ты подлый лжец, который клялся мне в верности, пока за спиной искал приключения!",Пик,Высокая,Гнев,Злость,Ревность
"Я сегодня понял, что был слишком категоричен по поводу твоего желания сменить работу. Жизнь коротка для нелюбимого дела, я поддержу тебя в твоих начинаниях и рисках.",Разрешение,Низкая,Позитив,Одобрение,Личность
"Хватит контролировать каждую копейку в моем кошельке и требовать чеки за любой поход в магазин! Я взрослая женщина, твоя скупость и подозрительность просто душат меня.",Эскалация,Средняя,Гнев,Раздражение,Деньги
"Как же я счастлив, что мы смогли простить друг друга и снова начать строить наше будущее. Ты самая мудрая женщина на свете, я обещаю больше не давать повода для слез.",Разрешение,Высокая,Позитив,Любовь,Личность
"Опять ты не убрала за собой крошки со стола, хотя это секундное дело, сделавшее бы утро приятнее. Мои просьбы о порядке систематически игнорируются тобой.",Предконфликтная,Низкая,Гнев,Раздражение,Быт
"Какого черта ты опять обсуждаешь наши семейные неурядицы со своей матерью по видеосвязи?! Это наше личное дело, твое неумение держать язык за зубами выводит меня из себя!",Эскалация,Высокая,Гнев,Неодобрение,Родня
"Убирайся прочь, я видела запись с регистратора, и не смей врать про «попутчицу»! Ты лживый подонок, предал меня в самый уязвимый момент, больше ты не увидишь детей!",Пик,Высокая,Гнев,Злость,Ревность
"Я сегодня понял, что был слишком категоричен в суждениях о твоем хобби и зря называл это тратой времени. Ты так светишься от радости, и это делает атмосферу в доме теплее.",Разрешение,Низкая,Позитив,Одобрение,Личность
"Твои друзья опять оставили гору немытой посуды и запах перегара в нашей маленькой квартире. Я не нанималась горничной для твоей компании, чье мнение совсем не учитывается.",Предконфликтная,Средняя,Гнев,Неодобрение,Друзья
"Хватит орать из-за того, что я купила новую одежду ребенку без твоего согласия! Это предметы первой необходимости, а не роскошь, я имею право решать это как мать.",Эскалация,Средняя,Гнев,Раздражение,Деньги
"Твои друзья опять зовут тебя на рыбалку на все выходные, когда мы планировали поехать к моей маме. Почему развлечения приятелей всегда весомее наших совместных планов?",Предконфликтная,Низкая,Гнев,Неодобрение,Друзья
"Опять ты оставил ключи не на месте, и я полчаса их искала перед выходом. Пожалуйста, клади их на крючок, это же секундное дело.",Предконфликтная,Низкая,Гнев,Раздражение,Быт
"Ты весь ужин просидел в телефоне, даже не спросив, как прошел мой день. Мне очень горько от того, что соцсети тебе важнее живого общения со мной.",Инцидент,Средняя,Грусть,Обида,Внимание
"Куда делись деньги с нашего общего счета, ты что, опять их все потратил на свои игры?! Нам нечем платить за ипотеку, ты вообще об этом думал?!",Эскалация,Высокая,Гнев,Злость,Деньги
"Хватит за мной следить и проверять мои сообщения, это просто ненормально! Я боюсь находиться с тобой рядом, когда ты превращаешься в такого контролёра.",Пик,Высокая,Страх,Страх,Контроль
"Прости, что я сорвалась из-за той несчастной чашки, я просто очень выгорела на работе. Давай попробуем помириться, я очень ценю твою заботу.",Разрешение,Средняя,Позитив,Любовь,Личность
"Твои друзья опять собираются у нас на все выходные, а я мечтала о тишине. Почему ты никогда не спрашиваешь моего мнения, когда зовешь гостей?",Предконфликтная,Низкая,Гнев,Неодобрение,Друзья
"Твоя мама снова прислала мне список замечаний по поводу того, как я воспитываю детей. Я чувствую, что ты всегда на её стороне, а не на моей.",Инцидент,Средняя,Социальные,Разочарование,Родня
"Мы уже месяц не занимались сексом, и ты даже не пытаешься ко мне подойти. У меня такое чувство, что я тебя больше совсем не привлекаю.",Эскалация,Средняя,Грусть,Горе/Грусть,Секс
"Убирайся к своей «подруге», я видела ваши фото, и не смей больше врать мне в лицо! Твоё предательство разрушило всё наше будущее.",Пик,Высокая,Гнев,Злость,Ревность
"Я так рада, что мы смогли обсудить этот вопрос с детским садом без криков. Оказывается, мы можем договариваться, если просто сядем и выслушаем друг друга.",Разрешение,Средняя,Позитив,Облегчение,Дети
"Мне кажется, ты стал слишком много времени проводить на работе в последнее время. Я очень скучаю по нашим совместным вечерам и прогулкам.",Предконфликтная,Низкая,Позитив,Желание/Мотивация,Внимание
Ты опять пообещал помочь мне с уборкой и просто проспал всё утро. Твоя необязательность в быту меня просто доводит до бешенства.,Инцидент,Средняя,Гнев,Раздражение,Быт
"Почему ты вечно указываешь мне, с кем общаться, я не твоя собственность! Твой вечный надзор уже переходит все разумные границы.",Эскалация,Средняя,Гнев,Неодобрение,Контроль
"Я просто не верю, что ты опять проиграл все деньги, предназначенные для аренды квартиры! Ты совершенно безответственный человек, на которого нельзя положиться.",Пик,Высокая,Нейтральные,Удивление,Деньги
"Я сегодня понял, что был слишком строг к нашему сыну из-за оценок, ты была права. Спасибо, что открыла мне глаза на то, как я на него давлю.",Разрешение,Низкая,Социальные,Осознание,Дети
"Мне не нравится, как твои друзья подшучивают надо мной, а ты сидишь и смеешься вместе с ними. Это выглядит как полное неуважение к своей женщине.",Предконфликтная,Низкая,Гнев,Обида,Друзья
"Я видела уведомление от твоей бывшей на твоем телефоне в два часа ночи. Пожалуйста, скажи правду прямо сейчас, иначе я просто сойду с ума от тревоги.",Инцидент,Средняя,Страх,Напряжение/Нервозность,Ревность
"Хватит кричать на меня при соседях, ты позоришь нас обоих своей несдержанностью! Я больше не намерена терпеть твои вспышки гнева на пустом месте.",Эскалация,Высокая,Гнев,Злость,Личность
"Мне страшно находиться с тобой в одной комнате, когда ты в таком состоянии. Я забираю детей и уезжаю к маме, пока ты не придешь в себя.",Пик,Высокая,Страх,Страх,Личность
"Прости меня за те слова про твоего отца, я действительно была неправа и сказала это от обиды. Я ценю твою семью и очень хочу, чтобы мы жили мирно.",Разрешение,Средняя,Социальные,Раскаяние,Родня
"Опять в холодильнике пусто, хотя сегодня была твоя очередь зайти в магазин. Теперь нам придется тратить лишние деньги на дорогую доставку еды.",Предконфликтная,Низкая,Гнев,Раздражение,Быт
Ты постоянно отменяешь наши свидания в последний момент ради работы или друзей. Я чувствую себя на самом последнем месте в списке твоих приоритетов.,Инцидент,Средняя,Грусть,Обида,Внимание
"Твоя мама опять пытается переставить мебель в нашем доме, а ты просто молчишь и смотришь! Неужели ты не можешь защитить наше личное пространство?",Эскалация,Средняя,Гнев,Неодобрение,Родня
"Да пошел ты к черту со своими претензиями, я и так пашу на трех работах ради вас всех! Если тебе так не нравится мой характер — собирай вещи и уходи!",Пик,Высокая,Гнев,Злость,Деньги
"Я так рада, что мы наконец-то съездили в этот отпуск и просто побыли вдвоем. Я снова почувствовала ту самую близость, которой мне так не хватало.",Разрешение,Высокая,Позитив,Признательность/Радость,Личность
"Мне кажется, нам нужно чаще обсуждать наши расходы, чтобы в конце месяца не было сюрпризов. Давай попробуем вести общий бюджет чуть более ответственно.",Предконфликтная,Низкая,Нейтральные,Оптимизм,Деньги
"Ты опять пообещал погулять с ребенком и в итоге заснул перед телевизором. Мне очень обидно за сына, который весь день прождал тебя с мячом.",Инцидент,Средняя,Грусть,Разочарование,Дети
"Твои постоянные поучения, как мне водить машину, просто выводят меня из себя! Если тебе так страшно со мной ездить — садись сам за руль и молчи.",Эскалация,Средняя,Гнев,Раздражение,Контроль
"Убирайся прочь, я видела твою тайную переписку и больше не верю ни единому твоему слову! Ты растоптал моё доверие и всю нашу десятилетнюю жизнь.",Пик,Высокая,Гнев,Злость,Ревность
"Спасибо, что поддержал моё решение уволиться с той токсичной работы, это было очень важно. Я знаю, что нам будет непросто, но твоя вера в меня дает мне силы.",Разрешение,Средняя,Социальные,Эмпатия,Деньги
"Почему ты опять не помыл за собой сковородку, хотя я просила об этом сто раз? Мне кажется, я говорю на другом языке, раз мои просьбы игнорируются.",Предконфликтная,Низкая,Гнев,Раздражение,Быт
"Ты весь вечер промолчал, когда мы были у моих родителей, и это выглядело очень грубо. Мне было неловко перед ними за твоё демонстративное равнодушие.",Инцидент,Средняя,Грусть,Обида,Родня
"Как ты мог обсудить наши сексуальные проблемы со своим братом, это же верх бестактности! Это касается только нас двоих, а не всей твоей родни.",Эскалация,Средняя,Гнев,Неодобрение,Секс
"Твои друзья опять притащили пиво в наш дом, хотя я просила этого не делать при детях. Ты совсем не уважаешь мои просьбы и наши общие правила.",Предконфликтная,Низкая,Гнев,Неодобрение,Друзья
"Твоя мама снова звонит в семь утра, чтобы дать очередной «бесценный» совет по хозяйству. Пожалуйста, попроси её уважать наши выходные и личное пространство.",Инцидент,Средняя,Гнев,Раздражение,Родня
"Я видела твоё сообщение от той девицы, не смей мне врать, что это просто «ошибка»! Твоё предательство — это конец нашего брака, я подаю на развод.",Пик,Высокая,Гнев,Злость,Ревность
"Знаешь, я сегодня поняла, что зря сомневалась в тебе, когда ты задержался на работе. Спасибо за твоё терпение и за то, что ты остаешься рядом со мной.",Разрешение,Низкая,Социальные,Осознание,Личность
"Да заткнись ты уже про свои обиды, я буду делать то, что считаю нужным! С этого дня я живу только для своих интересов, а ты как хочешь.",Пик,Высокая,Гнев,Злость,Личность
"Убирайся прочь, я видела твою переписку в скрытом чате, и не смей мне врать! Ты предал меня в самый уязвимый момент, больше ты не увидишь детей.",Пик,Высокая,Гнев,Злость,Ревность
"Опять ты не предупредила, что сестра заглянет на ужин без спроса, когда я хотел тишины. Почему ты никогда не учитываешь моё состояние и потребность в покое?",Предконфликтная,Низкая,Гнев,Раздражение,Родня
"Почему ты опять оставил свет в ванной включенным на всю ночь? Мы же договаривались экономить, а ты просто игнорируешь мои просьбы.",Предконфликтная,Низкая,Гнев,Раздражение,Быт
"Ты весь вечер просидел с угрюмым видом, пока мы были в гостях у моих друзей. Твоё поведение заставляет меня чувствовать себя виноватой перед всеми.",Инцидент,Средняя,Грусть,Обида,Внимание
"Какого черта ты распорядился моими выходными, пообещав маме, что мы приедем? У меня были свои планы, и я не обязана под всех подстраиваться!",Эскалация,Высокая,Гнев,Злость,Родня
"Хватит кричать на меня при детях, ты ведешь себя как последний хам и тиран! Если не можешь держать себя в руках — уходи из этой комнаты прямо сейчас!",Пик,Высокая,Гнев,Злость,Дети
"Я действительно был не прав, когда обвинил тебя в той ошибке, прости меня пожалуйста. Я просто очень сильно перенервничал на работе и сорвался.",Разрешение,Средняя,Социальные,Раскаяние,Личность
"Твоя мама снова звонит, чтобы указать, как мне лучше воспитывать нашего сына. Почему ты никогда не можешь попросить её не вмешиваться в нашу жизнь?",Инцидент,Средняя,Гнев,Раздражение,Родня
"Ты стал таким равнодушным к моим проблемам, будто я для тебя — посторонний человек. Мне не хватает твоей поддержки, и я чувствую себя очень одиноко.",Эскалация,Средняя,Грусть,Разочарование,Личность
"Твоё нежелание обсудить проблемы в нашей интимной жизни просто убивает отношения. Если тебе всё равно на мои желания, просто скажи это честно.",Инцидент,Средняя,Грусть,Разочарование,Секс
"Опять ты оставила свои грязные чашки в гостиной, хотя я просил убирать за собой. Это же не так сложно — донести посуду до кухни после кино!",Предконфликтная,Низкая,Гнев,Раздражение,Быт
"Ты обещал, что мы проведем эти выходные вдвоем, а в итоге опять завис в онлайн-играх. Мои чувства для тебя явно стоят ниже твоего рейтинга в сети.",Инцидент,Средняя,Грусть,Обида,Внимание
"Как ты мог спустить все деньги, отложенные на ремонт, на эти дурацкие запчасти?! Мы теперь будем жить в этом разгроме еще целый год из-за тебя!",Эскалация,Высокая,Гнев,Злость,Деньги
"Убирайся прочь, я видела твою переписку с той девицей, не смей мне нагло врать! Твое предательство разрушило всё наше счастье, я подаю на развод!",Пик,Высокая,Гнев,Злость,Ревность
"Прости меня за те слова, я наговорила их на эмоциях и совсем так не думаю. Ты — самый близкий мне человек, и я очень дорожу нашими отношениями.",Разрешение,Средняя,Социальные,Раскаяние,Личность
"Твоя мама опять пытается учить меня, как правильно гладить твои рубашки. Пожалуйста, скажи ей вежливо, что я сама справлюсь с нашими бытовыми делами.",Предконфликтная,Низкая,Гнев,Неодобрение,Родня
"Твои друзья постоянно подкалывают меня при тебе, а ты сидишь и молча улыбаешься. Мне очень обидно, что ты не можешь защитить моё достоинство перед ними.",Инцидент,Средняя,Гнев,Обида,Друзья
"Я боюсь, что из-за твоего нежелания обсуждать проблемы мы скоро совсем отдалимся. Давай попробуем сходить к семейному психологу, пока не стало совсем поздно.",Эскалация,Средняя,Страх,Напряжение/Нервозность,Личность
"Я ненавижу тебя в такие моменты, ты ведешь себя как настоящий эгоист и тиран! Ты думаешь только о своем комфорте, а на мои желания тебе наплевать!",Пик,Высокая,Гнев,Злость,Контроль
"Знаешь, я сегодня поняла, что была слишком сурова к тебе из-за тех пролитых капель. Наши отношения гораздо важнее чистого ковра, давай просто забудем об этом.",Разрешение,Низкая,Социальные,Осознание,Быт
"Опять ты проверяешь мой телефон, когда я ухожу в душ, неужели нет никакого доверия? Это поведение унижает нас обоих, пожалуйста, перестань так делать постоянно.",Предконфликтная,Средняя,Гнев,Раздражение,Контроль
"Ты постоянно критикуешь то, как я воспитываю детей, и это очень сильно меня задевает. Я чувствую себя плохой матерью из-за твоих вечных и едких замечаний.",Инцидент,Средняя,Грусть,Обида,Дети
"Почему ты никогда не берешь на себя инициативу в сексе, мне всегда приходится упрашивать? Я чувствую себя нежеланной и отвергнутой в нашей собственной спальне.",Эскалация,Средняя,Грусть,Разочарование,Секс
"Спасибо, что поддержал меня в моем новом хобби, это действительно важно для меня. Я вижу твою заботу и веру в мои силы, и это делает меня счастливой.",Разрешение,Средняя,Позитив,Признательность/Радость,Личность
"Опять ты не предупредил, что твои родственники заглянут на ужин «просто так». У меня был тяжелый день, и я совершенно не готова к приему гостей.",Предконфликтная,Низкая,Гнев,Неодобрение,Родня
"Ты стал таким холодным в общении, будто я тебя чем-то постоянно раздражаю. Мне не хватает твоего внимания и тех добрых слов, что были раньше.",Инцидент,Средняя,Грусть,Горе/Грусть,Внимание
"Твои друзья опять устроили погром на кухне, а убирать всё должна я одна после работы. Это просто верх эгоизма с твоей стороны — позволять им такое поведение.",Эскалация,Средняя,Гнев,Раздражение,Друзья
"Да заткнись ты уже про свои претензии, я больше не могу это слушать! Ты видишь только мои ошибки, а на свои глаза закрываешь специально!",Пик,Высокая,Гнев,Злость,Личность
"Я так рада, что мы смогли наконец-то съездить в этот отпуск и просто отдохнуть. Это помогло нам снова почувствовать себя одной семьей и стать ближе.",Разрешение,Высокая,Позитив,Любовь,Личность
"Опять ты не купила продукты, хотя я напоминал тебе об этом еще утром в сообщении. Теперь нам придется голодать или заказывать дорогую еду, будь внимательнее.",Предконфликтная,Низкая,Гнев,Раздражение,Быт
"Ты весь вечер промолчал, когда мы обсуждали ремонт, будто тебе совсем всё равно. Твое равнодушие к нашему общему дому меня очень сильно задевает и обижает.",Инцидент,Средняя,Грусть,Обида,Быт
"Хватит попрекать меня каждой копейкой, которую я трачу на нужды наших детей! Ты зарабатываешь деньги для семьи, а не для того, чтобы контролировать каждый мой шаг.",Эскалация,Средняя,Гнев,Неодобрение,Деньги
"Пошел вон из дома, я больше не верю ни единому твоему лживому обещанию! Твое предательство разрушило всё наше счастье, и я больше не хочу тебя знать!",Пик,Высокая,Гнев,Злость,Личность
"Я сегодня понял, что был слишком категоричен в споре о твоем образовании. Прости меня, я действительно поддержу тебя в любом твоем начинании и учебе.",Разрешение,Низкая,Социальные,Осознание,Личность
"Почему твоя мама считает нормальным приходить к нам без предупреждения и звонка? Установи границы для своей родни, иначе я просто перестану открывать дверь.",Эскалация,Средняя,Гнев,Неодобрение,Родня
"Убирайся прочь, я видела твое сообщение от той девицы в три часа ночи! Ты подлый изменник, который растоптал моё сердце и всю нашу веру.",Пик,Высокая,Гнев,Злость,Ревность
"Опять ты оставил свои грязные носки посреди гостиной, это так сложно — убрать их в корзину? Я не нанималась твоей личной горничной в этом доме!",Предконфликтная,Низкая,Гнев,Раздражение,Быт
"Убирайся прочь из моей жизни, я больше не хочу слушать твое бесконечное вранье! Ты предал моё доверие окончательно и бесповоротно, прощай навсегда!",Пик,Высокая,Гнев,Злость,Ревность
"Да пошла ты со своими претензиями, я и так пашу на износ ради вашего благополучия! Если тебе что-то не нравится — собирай вещи и уходи к маме!",Пик,Высокая,Гнев,Злость,Деньги
"Опять ты оставил грязную посуду в раковине, хотя обещал помыть её сразу после завтрака. Мне кажется, я говорю в пустоту, когда прошу о порядке.",Предконфликтная,Низкая,Гнев,Раздражение,Быт
"Ты весь вечер просидел в телефоне, пока я пыталась обсудить наши планы на отпуск. У меня такое чувство, что тебе наплевать на наше совместное время.",Инцидент,Средняя,Грусть,Обида,Внимание
"Как ты мог потратить такую сумму из нашей заначки, даже не посоветовавшись со мной?! Мы же договаривались копить на машину, а ты всё спустил на ерунду!",Эскалация,Высокая,Гнев,Злость,Деньги
"Хватит орать на сына из-за каждой пролитой капли, ты его просто запугал до слез! Уходи из дома прямо сейчас, пока не научишься держать себя в руках!",Пик,Высокая,Гнев,Злость,Дети
"Прости, что я была такой резкой вчера, я просто очень сильно переутомилась в офисе. Давай попробуем помириться и просто спокойно поужинаем вместе сегодня.",Разрешение,Средняя,Социальные,Раскаяние,Личность
"Твои друзья опять собираются у нас без предупреждения, а я мечтала о тишине и книге. Почему ты никогда не считаешься с моим мнением в нашем доме?",Предконфликтная,Низкая,Гнев,Неодобрение,Друзья
"Твоя мама снова прислала мне длинное сообщение с критикой того, как я веду хозяйство. Я устала от её постоянного вмешательства и твоей неспособности её остановить.",Инцидент,Средняя,Гнев,Раздражение,Родня
"Мы уже месяц живем как соседи, без единого прикосновения или доброго слова в спальне. Мне больно осознавать, что я тебя больше совсем не привлекаю как женщина.",Эскалация,Средняя,Грусть,Разочарование,Секс
"Убирайся к своей «коллеге», я видела вашу переписку и больше не верю ни одному твоему слову! Ты растоптал всё, что мы строили годами, своим враньём!",Пик,Высокая,Гнев,Злость,Ревность
"Знаешь, я сегодня поняла, что была слишком сурова к тебе из-за того пустяка с деньгами. Главное, что мы вместе, а финансовые трудности мы обязательно преодолеем вдвоем.",Разрешение,Низкая,Социальные,Осознание,Деньги
"Убирайся прочь из моей жизни, я больше не верю ни единому твоему обещанию измениться! Твое постоянное вранье окончательно разрушило наше семейное счастье и доверие.",Пик,Высокая,Гнев,Злость,Личность
"Я чувствую, что мы окончательно погрязли в бесконечных упреках из-за каждой мелочи в нашем быту. Наши отношения превратились в сплошной скандал, и мне от этого очень горько.",Эскалация,Средняя,Грусть,Горе/Грусть,Быт
"Уходи из дома сейчас же, я не хочу слышать твои оправдания после того, что я узнала о тебе! Твое вранье — это жирная точка в нашей совместной жизни и браке!",Пик,Высокая,Гнев,Злость,Ревность
"Я чувствую, что ты меня совсем не понимаешь и воспринимаешь мои проблемы как пустой звук. Ты перестал меня поддерживать, и я чувствую себя очень одинокой в беде.",Эскалация,Средняя,Грусть,Обида,Внимание
"Опять ты оставил свои грязные чашки по всему дому, хотя я просила уносить их сразу на кухню. Теперь мне приходится ходить и собирать этот «урожай» по всем углам.",Предконфликтная,Низкая,Гнев,Раздражение,Быт
"Ты обещал, что мы проведем этот вечер только вдвоем, а в итоге опять завис в гараже со своими друзьями. Мои планы и желания для тебя всегда на втором месте после приятелей.",Инцидент,Средняя,Грусть,Обида,Друзья
"Какого черта ты лезешь в мой кошелек и проверяешь мои траты, когда я об этом даже не знаю?! У меня должно быть право на свои деньги и секреты, это база нормальных отношений.",Эскалация,Высокая,Гнев,Раздражение,Контроль
"Убирайся прочь со своими лживыми клятвами, я видела твою тайную переписку с той девицей из банка! Ты подлый изменник, который всё это время строил из себя идеального мужа.",Пик,Высокая,Гнев,Злость,Ревность
"Я сегодня поняла, что была неправа, когда критиковала твой стиль воспитания наших сыновей. Ты даешь им ту мужскую закалку, которую я дать не могу, спасибо за твою мудрость.",Разрешение,Низкая,Социальные,Осознание,Дети
"Твоя сестра опять пришла к нам без предупреждения и начала обсуждать, как нам стоит делать ремонт. Почему ты никогда не защищаешь наше право на частную жизнь в этом доме?",Предконфликтная,Средняя,Гнев,Неодобрение,Родня
"Я заметил, что ты стала очень нервной в последнее время и вздрагиваешь каждый раз, когда тебе звонят. Это поведение человека, который что-то скрывает от самого близкого человека.",Инцидент,Высокая,Страх,Страх,Ревность
"Хватит попрекать меня тем, что ты больше вкладываешь в семейный бюджет и оплачиваешь нашу ипотеку! Я тоже вношу вклад, занимаясь домом и бытом, которые ты просто не замечаешь.",Эскалация,Средняя,Гнев,Раздражение,Деньги
"Я просто хочу, чтобы мы на время разъехались и подумали, нужны ли нам вообще эти отношения. Вся эта череда ссор и взаимных обвинений лишила меня веры в наше общее будущее.",Предконфликтная,Низкая,Нейтральные,Нейтральность,Личность
"Как же я счастлив, что мы смогли преодолеть тот затяжной кризис и не разрушили семью. Твоя мудрость и готовность идти на компромисс спасли нас, я бесконечно тебе благодарен.",Разрешение,Высокая,Позитив,Любовь,Личность
"Опять ты не предупредила, что задержишься на корпоративе, и я весь вечер не находил себе места. Моё время и нервы тоже чего-то стоят, неужели так сложно отправить смс?",Предконфликтная,Низкая,Гнев,Раздражение,Внимание
"Почему ты никогда не советуешься со мной, когда планируешь наши совместные отпуска или покупки? Ты просто ставишь меня перед фактом события, и это очень обидно для партнера.",Инцидент,Средняя,Грусть,Обида,Контроль
"Твои постоянные замечания по поводу моей внешности после родов меня просто убивают морально. Я выносила нашего ребенка, моё тело изменилось, и мне нужна поддержка, а не критика.",Эскалация,Средняя,Грусть,Разочарование,Личность
"Да мне плевать на твои оправдания, ты опять просадил все деньги с нашего счета на авантюры! Ты совершенно ненадежный человек, у которого нет ни капли совести перед близкими.",Пик,Высокая,Гнев,Злость,Деньги
"Я сегодня осознала, что зря ревновала тебя к той новой коллеге, она действительно просто профессионал. Прости за мои беспочвенные сцены, я просто слишком сильно дорожу тобой.",Разрешение,Средняя,Социальные,Раскаяние,Ревность
"Твои друзья опять устроили в нашей квартире притон, а мне завтра рано вставать на встречу. Почему ты позволяешь им нарушать мой покой и превращать наш общий дом в общежитие?",Предконфликтная,Низкая,Гнев,Неодобрение,Друзья
"Я заметил, что ты стала часто задерживаться на каких-то «курсах» и приходить домой слишком веселой. Это очень странно выглядит со стороны, и у меня закрадываются мысли об измене.",Инцидент,Высокая,Страх,Страх,Внимание
"Хватит орать на детей из-за каждой пролитой капли сока, они же маленькие и познают мир! Ты приходишь в дурном настроении и срываешь злость на самых беззащитных в доме.",Эскалация,Средняя,Гнев,Раздражение,Дети
"Я просто не могу поверить, что всё, о чем мы мечтали, так быстро рассыпалось в прах. Мы же обещали быть вместе в горе и в радости, а теперь даже не можем поужинать спокойно.",Инцидент,Высокая,Грусть,Горе/Грусть,Личность
"Спасибо, что поддержала мою идею со сменой работы, хотя это был большой риск для бюджета. Я знаю, как тебе было тревожно, но ты верила в меня до самого конца, спасибо тебе.",Разрешение,Средняя,Позитив,Признательность/Радость,Деньги
"Убирайся прочь со своими лживыми извинениями, я видела твою тайную переписку с бывшей женой! Ты подлый лжец, который клялся мне в любви, пока обсуждал наши проблемы с ней!",Пик,Высокая,Гнев,Злость,Ревность
"Я сегодня поняла, что была слишком холодна с тобой после твоей неудачи на работе. Прости меня, я просто сама испугалась за нашу стабильность и не нашла слов поддержки.",Разрешение,Средняя,Социальные,Эмпатия,Деньги
"Я заметил, что ты стала очень часто задерживаться на «работе» и возвращаться домой слишком веселой. Это подозрительно выглядит, у меня закрадываются мысли, которые боюсь произносить.",Инцидент,Высокая,Страх,Страх,Внимание
"Опять в ванной гора твоих разбросанных тюбиков и волос, которые ты никогда не убираешь за собой. Тебе что, так сложно потратить полминуты на то, чтобы оставить раковину чистой?",Предконфликтная,Низкая,Гнев,Раздражение,Быт
"Опять ты оставил свои грязные тарелки на журнальном столике, хотя я сто раз просила этого не делать. Неужели так трудно донести посуду до кухни после того, как поел перед телевизором?",Предконфликтная,Низкая,Гнев,Раздражение,Быт
"Ты весь вечер промолчал, когда мы ужинали в ресторане, будто я тебя заставила туда пойти силой. Мне очень обидно чувствовать это ледяное равнодушие вместо обещанного романтического вечера.",Инцидент,Средняя,Грусть,Обида,Внимание
"Какого черта ты опять без спроса взял деньги из нашей копилки на какой-то сомнительный тюнинг своей машины?! Это были наши общие накопления на ремонт в детской, и ты их просто эгоистично спустил!",Эскалация,Высокая,Гнев,Злость,Деньги
"Убирайся вон из моей жизни прямо сейчас, я видела твою переписку с той девицей из твоей прошлой компании! Ты подлый лжец, который клялся мне в верности, пока за моей спиной искал новые острые ощущения!",Пик,Высокая,Гнев,Злость,Ревность
"Я сегодня поняла, что была неоправданно строга к тебе из-за того беспорядка, который ты устроил на кухне. Главное — это твое желание меня порадовать своим кулинарным шедевром, а посуду мы помоем вместе.",Разрешение,Низкая,Социальные,Раскаяние,Быт
"Я заметил, что ты стала очень скрытной и вздрагиваешь каждый раз, когда я просто случайно нахожусь рядом. Это поведение человека, который ведет тайную игру на стороне и панически боится быть раскрытым.",Инцидент,Высокая,Страх,Страх,Ревность
"Я просто хочу, чтобы ты меня крепко обнял и ничего не спрашивал, мне сейчас очень страшно потерять нас. Все эти крики и взаимные упреки кажутся такими ничтожными перед реальной угрозой нашего расставания.",Инцидент,Высокая,Страх,Напряжение/Нервозность,Личность
"Почему ты опять забыл вынести мусор, хотя пакет уже стоит у двери и неприятно пахнет на всю квартиру? Мне кажется, я прошу об элементарных вещах, которые ты просто игнорируешь из принципа или лени.",Предконфликтная,Низкая,Гнев,Раздражение,Быт
"Ты весь вечер просидел в телефоне, пока я пыталась обсудить наши планы на будущий летний отпуск с детьми. У меня такое чувство, что тебе абсолютно наплевать на наши совместные интересы и на мой комфорт.",Инцидент,Средняя,Грусть,Обида,Внимание
"Какого черта ты опять без спроса распорядился нашими общими деньгами, купив эти дорогущие и ненужные гаджеты?! Это была наша подушка безопасности на крайний случай, а ты её просто эгоистично спустил на ветер!",Эскалация,Высокая,Гнев,Злость,Деньги
"Пошел вон из дома, я больше не верю ни единому твоему лживому обещанию измениться и начать новую жизнь! Твое предательство разрушило всё наше счастье за одну ночь, и я больше не хочу тебя знать и видеть!",Пик,Высокая,Гнев,Злость,Личность
"Я сегодня поняла, что была слишком холодна с тобой после твоей неудачи на работе, прости меня за это. Я тоже испугалась за наше будущее и не нашла в себе сил тебя поддержать, хотя должна была это сделать.",Разрешение,Средняя,Социальные,Эмпатия,Деньги
"Хватит попрекать меня каждой копейкой, которую я трачу на себя, когда ты сам спускаешь состояние на игры! Я тоже работаю и имею право на свои маленькие радости без твоего вечного финансового контроля и нытья.",Эскалация,Средняя,Гнев,Раздражение,Деньги
"Я просто хочу, чтобы этот кошмарный вечер поскорее закончился, у меня нет сил даже на слезы после ссоры. Внутри какая-то звенящая пустота и полное безразличие ко всему, что ты сейчас пытаешься мне доказать.",Предконфликтная,Низкая,Нейтральные,Нейтральность,Личность
"Как же я счастлив, что мы наконец-то смогли сесть и спокойно обсудить все наши взаимные обиды и тайны. Ты — самая мудрая женщина на свете, и я бесконечно благодарен судьбе за то, что ты всё еще со мной.",Разрешение,Высокая,Позитив,Любовь,Личность
"Твои постоянные придирки к моей манере общения с твоими многочисленными родственниками доводят до бешенства! Я всегда стараюсь быть вежливой, но твоя вечная критика в мой адрес делает ситуацию невыносимой.",Эскалация,Средняя,Гнев,Раздражение,Родня
"Да мне плевать на твои оправдания, ты опять потратил все деньги с кредитной карты на свои дурацкие игры! Ты совершенно безответственный человек, собирай вещи и уходи к тем, с кем ты проводишь свои ночи!",Пик,Высокая,Гнев,Злость,Деньги
"Я сегодня осознала, что зря так сильно ревновала тебя к той новой секретарше в вашем офисе, она просто коллега. Прости за мои глупые сцены и подозрения, давай забудем этот инцидент и просто побудем сегодня вдвоем.",Разрешение,Средняя,Социальные,Раскаяние,Ревность
"Твои друзья опять оставили гору мусора и запах пива на моем любимом диване в гостиной после посиделок. Я не нанималась в клининговую службу для приятелей, пусть в следующий раз они сами убирают за собой бардак!",Предконфликтная,Низкая,Гнев,Неодобрение,Друзья
"Я просто не могу поверить, что всё это происходит с нами на самом деле, будто в каком-то дурном сне. Мы же были так счастливы всего год назад, куда всё ушло, почему теперь между нами только боль и упреки?",Инцидент,Высокая,Грусть,Горе/Грусть,Личность
"Какого черта ты опять пригласил своего брата пожить у нас недельку, даже не удосужившись спросить согласия?! Это наш общий дом, и я имею право голоса в таких вопросах, твое самоуправство доводит до бешенства!",Эскалация,Высокая,Гнев,Неодобрение,Родня
"Убирайся прочь со своими лживыми извинениями, я видела твою тайную переписку с той девицей из соцсетей! Ты подлый лжец, который всё это время клялся мне в верности, пока за спиной искал приключения на стороне!",Пик,Высокая,Гнев,Злость,Ревность
"Твои друзья опять курят прямо на кухне, хотя я сто раз просила их выходить на балкон из-за моей аллергии. Почему ты не можешь проявить твердость и защитить моё здоровье в нашем собственном доме от приятелей?",Предконфликтная,Средняя,Гнев,Неодобрение,Друзья
"Я заметила, что ты стала удалять все логи звонков в телефоне и переворачивать его экраном вниз каждый раз. Это типичное поведение человека, который ведет двойную жизнь и панически боится быть раскрытым в обмане.",Инцидент,Высокая,Страх,Напряжение/Нервозность,Ревность
"Хватит контролировать каждую копейку в моем кошельке и требовать отчета за любой поход в магазин за продуктами! Я не маленькая девочка, а взрослая женщина, твоя патологическая скупость в денежных вопросах просто душит меня.",Эскалация,Средняя,Гнев,Раздражение,Деньги
"Я просто хочу тишины и чтобы меня никто не трогал хотя бы пару часов, нет сил на очередные выяснения. Вся эта ситуация с нашими вечными ссорами вымотала меня морально настолько, что я чувствую полное опустошение.",Предконфликтная,Низкая,Нейтральные,Нейтральность,Личность
"Как же я счастлив, что мы смогли найти в себе силы простить друг друга и снова начать строить наше будущее. Ты — самая удивительная и мудрая женщина на свете, я бесконечно благодарен судьбе за то, что ты со мной.",Разрешение,Высокая,Позитив,Любовь,Личность
"Ты обещал, что мы сходим на концерт вместе, а в итоге отдал мой билет своему новому коллеге по работе. Я так хотела разделить с тобой этот праздник, а ты просто вычеркнул меня из планов, даже не посоветовавшись.",Инцидент,Средняя,Грусть,Обида,Внимание
"Опять ты не предупредила, что подруга заглянет на ужин без спроса, когда я планировал отдых в тишине. Почему ты никогда не учитываешь моё состояние и потребность в покое в нашем жилом пространстве после смены?",Предконфликтная,Низкая,Гнев,Раздражение,Друзья
"Твои бесконечные поучения, как мне общаться с моими собственными родителями, выводят из равновесия! Я сама разберусь в своих семейных делах без твоих ценных советов и постоянного вмешательства!",Эскалация,Средняя,Гнев,Раздражение,Контроль
"Да мне плевать на твои пустые обещания, ты опять просадил все деньги, отложенные на покупку мебели! Ты совершенно безответственный человек, собирай вещи и уходи к тем, с кем ты проводишь ночи!",Пик,Высокая,Гнев,Злость,Деньги
"Твои друзья опять собираются у нас на все выходные без предупреждения, а я мечтала о тишине. Почему ты никогда не считаешься с моим мнением и моим правом на отдых в собственном доме?",Предконфликтная,Низкая,Гнев,Неодобрение,Друзья
"Твоя мама снова прислала мне длинное сообщение с критикой того, как я веду наше домашнее хозяйство. Я устала от её вмешательства и твоей неспособности защитить наши границы от её советов.",Инцидент,Средняя,Гнев,Раздражение,Родня
"Ты опять поменял пароль на своем компьютере, хотя мы договаривались о полной открытости и доверии. Твоя скрытность заставляет меня постоянно нервничать и подозревать самое худшее в наших отношениях.",Предконфликтная,Средняя,Страх,Напряжение/Нервозность,Контроль
"Убирайся прочь из моей жизни, я больше не верю ни единому твоему обещанию измениться когда-нибудь! Твое вранье окончательно разрушило наше семейное счастье, и я больше не хочу иметь с тобой ничего общего!",Пик,Высокая,Гнев,Злость,Личность
"Я так рада, что мы наконец-то смогли сесть и спокойно обсудить все те обиды, что копились в нас. Мне стало гораздо легче и светлее на душе после этого долгожданного и откровенного разговора.",Разрешение,Высокая,Позитив,Облегчение,Внимание
"Ты опять пообещала помочь мне с уборкой в гараже в выходные и просто уехала к своей маме. Твоя необязательность в делах дома меня просто доводит до отчаяния, я чувствую себя неважным для тебя.",Инцидент,Средняя,Грусть,Разочарование,Родня
"Твои вечные упреки в том, что я плохой отец, заставляют меня чувствовать себя полным неудачником в семье. Зачем ты так поступаешь со мной, если ты на самом деле любишь меня и наших детей?",Эскалация,Средняя,Грусть,Обида,Дети
"Почему твои друзья позволяют себе такие сальные шутки в мой адрес, а ты просто молчишь рядом с ними? Мне обидно, что ты не можешь защитить моё достоинство перед компанией, которую ты считаешь близкой.",Инцидент,Средняя,Гнев,Обида,Друзья
"Я просто не узнаю нашу семейную жизнь в последнее время, мы стали как чужие люди под одной крышей. Мне не хватает твоих нежных слов и теплых объятий, которыми ты раньше меня так часто баловал.",Эскалация,Средняя,Грусть,Горе/Грусть,Личность
"Я ненавижу твою сестру за то, что она постоянно лезет в наше воспитание детей со своими дурацкими советами! Если она не перестанет поучать нас, я больше никогда не пущу её через наш порог!",Пик,Высокая,Гнев,Злость,Родня
"Твоё нежелание даже обсудить существующие проблемы в нашей интимной жизни просто тихо убивает наш брак. Если тебе всё равно на мои желания и чувства, так и скажи это честно мне прямо сейчас.",Инцидент,Средняя,Грусть,Разочарование,Секс
"Мне кажется, нам нужно начать больше разговаривать по душам по вечерам, а не только обсуждать бытовые дела. Наши отношения стали какими-то сухими, и я не вижу в них больше той детской радости, что была.",Предконфликтная,Низкая,Позитив,Желание/Мотивация,Внимание
Я случайно нашла твою вторую сим-карту в ящике твоего стола и не могу прийти в себя от шока и боли. Как ты мог так подло обманывать меня всё это долгое время и каждый день смотреть мне в глаза?,Эскалация,Высокая,Страх,Страх,Ревность
"Прости меня за те резкие слова про твою работу сегодня утром, я была не в себе от усталости. Я постараюсь больше так никогда не делать и всегда поддерживать тебя во всех твоих новых начинаниях.",Разрешение,Средняя,Социальные,Раскаяние,Личность
"Я очень боюсь, что наше постоянное недопонимание в финансовых вопросах в итоге приведет к разрыву. Давай попробуем что-то серьезно изменить в бюджете, пока мы совсем не стали чужими и враждебными.",Эскалация,Средняя,Страх,Напряжение/Нервозность,Деньги
"Да мне наплевать, что ты там себе думаешь про мои увлечения, я буду делать то, что считаю нужным! Твой вечный контроль уже у меня в печенках сидит, просто отстань от меня и моей жизни!",Пик,Высокая,Гнев,Злость,Контроль
"Я просто хочу, чтобы ты меня крепко обнял и ничего не спрашивал, мне сейчас очень страшно за будущее. Все эти ссоры кажутся ничтожными по сравнению с мыслью, что мы можем расстаться навсегда.",Инцидент,Высокая,Страх,Страх,Личность
"Твои друзья опять зовут тебя на охоту в мой единственный выходной, когда мы планировали поехать за мебелью. Почему твои личные развлечения всегда оказываются весомее наших совместных планов и твоих обещаний?",Предконфликтная,Низкая,Гнев,Неодобрение,Друзья
"Хватит попрекать меня каждой копейкой на йогу, когда ты сам спускаешь всё состояние на свои запчасти! Моё душевное спокойствие важно не меньше твоей машины, начни уже наконец это понимать и ценить.",Эскалация,Средняя,Гнев,Раздражение,Деньги
"Хватит попрекать меня каждой копейкой на продукты, ты зарабатываешь для всей семьи, а не для личного контроля! Твоя патологическая жадность убивает во мне всякое желание строить с тобой быт и вообще будущее.",Эскалация,Средняя,Гнев,Раздражение,Деньги
"Почему ты опять оставила открытой входную дверь, это же вопрос нашей безопасности! Ты бываешь такой рассеянной в быту, что мне становится страшно за наш дом и за тебя.",Предконфликтная,Низкая,Гнев,Раздражение,Быт
"Ты весь вечер промолчал, когда мы ужинали с моими коллегами, и это выглядело крайне неуважительно. Я чувствовала себя очень неловко, пытаясь оправдать твоё демонстративное равнодушие перед всеми.",Инцидент,Средняя,Грусть,Обида,Внимание
"Как ты мог снять такую огромную сумму с нашего счета, даже не предупредив меня заранее об этом?! Мы же копили на первый взнос по ипотеке, а ты просто пустил все наши усилия на ветер за один день!",Эскалация,Высокая,Гнев,Злость,Деньги
"Хватит орать на дочь из-за каждой мелкой ошибки в домашних заданиях, ты её просто доводишь до истерики! Уходи из её комнаты прямо сейчас, пока ты не научишься разговаривать с ребенком спокойно!",Пик,Высокая,Гнев,Злость,Дети
"Прости, что я вчера так вспылила из-за той несчастной чашки, я просто была на грани нервного срыва в офисе. Давай попробуем помириться и больше не тащить рабочие проблемы в наш уютный и тихий дом.",Разрешение,Средняя,Социальные,Раскаяние,Личность
"Твои друзья опять решили устроить у нас вечеринку в пятницу, когда я мечтала просто выспаться в тишине. Почему ты никогда не считаешься с моим мнением и моим правом на отдых в нашей общей квартире?",Предконфликтная,Низкая,Гнев,Неодобрение,Друзья
"Твоя мама снова прислала мне длинный список советов по поводу того, как мне нужно одеваться и краситься. Я устала от её постоянного вмешательства в мой личный стиль и твоего молчаливого согласия с ней.",Инцидент,Средняя,Гнев,Раздражение,Родня
"Мы уже полгода живем как соседи, без единого ласкового слова или физической близости в нашей спальне ночью. Мне больно осознавать, что я для тебя больше не существую как привлекательная и любимая женщина.",Эскалация,Средняя,Грусть,Разочарование,Секс
"Убирайся к своей новой пассии, я видела вашу переписку и больше не верю ни единому твоему слову! Ты растоптал всё, что мы строили десять лет, своим подлым враньём за моей спиной всё это время!",Пик,Высокая,Гнев,Злость,Ревность
"Почему я должна постоянно оправдываться за каждую купленную вещь из наших общих сбережений, даже самую нужную? Твой жесткий контроль в финансовых вопросах семьи просто унижает моё достоинство как взрослой женщины.",Эскалация,Средняя,Гнев,Неодобрение,Деньги
"Это действительно большое чудо, что мы смогли найти в себе силы искренне и полностью простить друг друга. Я очень люблю тебя и хочу быть только с тобой до конца жизни, несмотря на все прошлые трудности и ссоры.",Разрешение,Высокая,Позитив,Любовь,Личность
"Ты постоянно сравниваешь нашу новую квартиру с домом своих родителей, и это меня очень сильно задевает и обижает. Я стараюсь как могу, чтобы тебе было уютно здесь, но я никогда не буду идеальным в твоих глазах.",Инцидент,Средняя,Гнев,Неодобрение,Родня
"Спасибо, что поддержал меня в решении уволиться с той токсичной работы, это было жизненно важно для меня сейчас. Я чувствую твою крепкую опору за спиной, и это придает мне уверенности в завтрашнем дне и в моих силах.",Разрешение,Средняя,Позитив,Признательность/Радость,Деньги
"Ты опять забыла купить хлеб и фрукты по дороге домой, хотя я напоминал тебе об этом трижды за день в смс. Твоя рассеянность в бытовых мелочах меня просто выводит из себя и заставляет злиться без видимой причины.",Предконфликтная,Низкая,Гнев,Раздражение,Быт
"Я вижу, как много ты стараешься ради нашего общего будущего, и я очень тебе благодарна за этот огромный труд. Давай оставим все глупые ссоры в прошлом и будем жить ради нашей любви и счастья в нашем новом доме.",Разрешение,Средняя,Позитив,Оптимизм,Личность
"Какого черта ты опять пригласил свою маму погостить у нас на целую неделю без моего ведома и согласия?! Это мой дом тоже, и я требую, чтобы ты впредь всегда советовался со мной в таких важных семейных делах!",Пик,Высокая,Гнев,Злость,Родня
"Ты постоянно указываешь мне, как одеваться и с кем общаться, это переходит все границы моего терпения. Перестань меня контролировать, я взрослая и самостоятельная женщина и сама решу, что мне носить и с кем дружить!",Инцидент,Средняя,Гнев,Раздражение,Контроль
"Хватит врать, я точно знаю, что ты потратил все наши общие деньги на свои дурацкие ставки в интернете за месяц! Ты разрушил нашу жизнь одним махом, и я этого никогда не смогу тебе по-настоящему простить и забыть!",Пик,Высокая,Гнев,Злость,Деньги
"Опять ты разбросала свои многочисленные тюбики по всей ванной комнате, хотя я просил этого не делать сто раз. Твоё полное неуважение к порядку в нашем общем доме меня просто выводит из себя и дико бесит каждый раз.",Предконфликтная,Низкая,Гнев,Раздражение,Быт
"Ты постоянно забываешь про наши годовщины и памятные даты, это задевает мои чувства и моё самолюбие. Я чувствую, что я для тебя — лишь привычное и удобное дополнение к твоей основной и насыщенной жизни.",Инцидент,Средняя,Грусть,Обида,Внимание
"Мне кажется, ты уделяешь своим друзьям гораздо больше времени и сил, чем мне и нашим общим детям по выходным. Мы для тебя стали какой-то фоновой частью жизни, которая всегда подождет, пока ты развлекаешься с приятелями.",Предконфликтная,Низкая,Грусть,Обида,Друзья
"Твои друзья опять устроили в нашем доме настоящий погром, а убирать за ними всеми должна я одна после работы. Это просто верх наглости и полного неуважения к моему тяжелому труду по наведению порядка в нашей квартире!",Инцидент,Средняя,Гнев,Неодобрение,Друзья
"Уходи из дома сейчас же, я не хочу слышать твои жалкие оправдания после того, что я узнала о тебе и твоей измене! Твое вранье — это жирная точка в нашей совместной жизни, я подаю на развод и раздел имущества завтра же!",Пик,Высокая,Гнев,Злость,Ревность
"Опять ты потратила деньги из отложенных на наш долгожданный летний отпуск на какую-то очередную ерунду для кухни. Неужели твои мимолетные хотелки важнее нашего общего отдыха, о котором мы так долго и вместе мечтали?",Предконфликтная,Низкая,Гнев,Раздражение,Деньги
"Мне очень неприятно, когда ты обсуждаешь мои мелкие промахи со своими подругами по телефону часами напролет. Это прямое предательство нашего доверия, и мне бесконечно больно от такого твоего отношения ко мне как к партнеру.",Инцидент,Средняя,Гнев,Неодобрение,Друзья
"Да заткнись ты уже про свои вечные обиды, я сам со всем разберусь, раз ты такая беспомощная и слабая во всём! С этого дня я живу только как хочу сам, а твои претензии мне больше совершенно не интересны и не нужны!",Пик,Высокая,Гнев,Злость,Личность
"Ты обещал, что мы проведем этот вечер только вдвоем в кино, а в итоге опять завис в гараже с друзьями. Мои планы и желания для тебя всегда на самом последнем месте после твоих развлечений и компании приятелей.",Инцидент,Средняя,Грусть,Обида,Друзья
"Хватит орать на детей из-за каждой пролитой капли сока, они же маленькие и только начинают познавать этот мир! Ты приходишь в дурном настроении и сразу срываешь всю свою злость на самых беззащитных членах нашей семьи.",Эскалация,Средняя,Гнев,Раздражение,Дети
"Спасибо, что поддержала мою идею со сменой работы, хотя это был большой риск для нашего общего семейного бюджета. Я знаю, как тебе было тревожно, но ты верила в меня до самого конца, и это придало мне огромных сил идти вперед.",Разрешение,Средняя,Позитив,Признательность/Радость,Деньги
"Ты обещал, что мы сходим в театр в эти выходные, а в итоге опять всё отменил из-за дел своей младшей сестры. Мне очень больно понимать, что я для тебя всегда на вторых ролях после твоих многочисленных и капризных родных.",Инцидент,Средняя,Грусть,Обида,Родня
"Я заметила, что ты стал удалять все переписки в телеграме и ставишь пароль даже на самые обычные заметки в телефоне. Это поведение человека, который ведет какую-то тайную жизнь и панически боится быть разоблаченным мной когда-нибудь.",Инцидент,Высокая,Страх,Напряжение/Нервозность,Ревность
"Хватит попрекать меня каждой копейкой на себя, когда ты сам спускаешь всё состояние на новые компьютерные игры! Я тоже зарабатываю и имею право на свои радости без твоего вечного финансового контроля и нытья по каждому поводу.",Эскалация,Средняя,Гнев,Раздражение,Деньги
"Спасибо, что поддержала меня в решении заняться спортом и даже купила мне годовой абонемент в зал вчера. Твоя вера в мои силы придала мне необходимый импульс для перемен в жизни, ты — моя самая главная опора и любовь.",Разрешение,Средняя,Позитив,Любовь,Внимание
"Опять в раковине гора грязной посуды, хотя сегодня была твоя очередь наводить порядок на кухне по нашему графику. Тебе что, так сложно потратить десять минут на чистоту в доме, где мы оба живем и едим каждый день вместе?",Предконфликтная,Низкая,Гнев,Раздражение,Быт
"Какого черта ты обсуждаешь мои личные проблемы со своим братом за моей спиной, это же верх бестактности в отношениях! Это касается только меня, и я не давала тебе никакого разрешения выносить это на обсуждение всей твоей родне.",Эскалация,Высокая,Гнев,Неодобрение,Личность
"Убирайся вон из моей жизни прямо сейчас, я видела твое фото с той девицей на пляже, не смей врать про «просто коллегу»! Ты лживый изменник, который пользовался моим безграничным доверием ради своих грязных интрижек на стороне!",Пик,Высокая,Гнев,Злость,Ревность
"Я сегодня поняла, что была слишком сурова к тебе из-за пролитого кофе на мой новый светлый ковер в нашей гостиной. Это всего лишь вещь, а наши отношения гораздо важнее, я не должна была так сильно и громко кричать на тебя вчера.",Разрешение,Низкая,Социальные,Раскаяние,Быт
"Я просто хочу, чтобы ты меня сейчас крепко обнял и ничего не спрашивал, мне очень плохо и одиноко внутри сейчас. Вся эта череда бесконечных ссор лишила меня всех сил и веры в наше с тобой общее и светлое счастье в будущем.",Инцидент,Высокая,Грусть,Горе/Грусть,Личность
"Спасибо, что починил мне машину и даже заправил полный бак сегодня утром, это была очень приятная неожиданность для меня. Я вижу твою заботу в таких мелочах, это делает меня самой счастливой женщиной на всём этом белом свете.",Разрешение,Средняя,Позитив,Признательность/Радость,Быт
"Опять в холодильнике шаром покати, хотя ты обещал зайти за продуктами по пути из своего спортзала сегодня вечером. Теперь нам придется тратить лишние деньги на ночную доставку еды, будь хоть каплю более ответственным в быту.",Предконфликтная,Низкая,Гнев,Раздражение,Быт
"Почему ты обсуждаешь наши интимные проблемы со своими подругами за чашкой кофе, это же верх бестактности и неуважения! То, что происходит в нашей спальне, должно оставаться только между нами двумя, а не быть общей темой сплетен.",Инцидент,Средняя,Гнев,Обида,Секс
"Ты постоянно сравниваешь нашу дочь с детьми своих успешных подруг, это просто невыносимо слышать каждый божий день теперь. Ребенку нужна безусловная любовь матери, а не вечные попреки и твои завышенные ожидания от её успехов.",Эскалация,Средняя,Страх,Напряжение/Нервозность,Дети
"Да пошел ты к черту со своим тотальным контролем, я буду встречаться со своими подругами когда хочу и когда захочу! Ты мне не хозяин, чтобы диктовать, с кем мне проводить свободное время без твоих вечных допросов и надзора!",Пик,Высокая,Гнев,Злость,Контроль
"Я сегодня поняла, что была слишком холодна с тобой после твоей неудачи с тем крупным бизнес-проектом на прошлой неделе. Прости меня, я просто сама очень сильно испугалась за нашу стабильность и не нашла вовремя нужных слов поддержки.",Разрешение,Средняя,Социальные,Эмпатия,Деньги
"Как же я счастлив, что мы смогли преодолеть все обиды и снова начать доверять друг другу как в самом начале пути. Ты — самая удивительная женщина на свете, я бесконечно благодарен судьбе за то, что ты всё еще со мной рядом.",Разрешение,Высокая,Позитив,Любовь,Личность
"Мне страшно находиться с тобой в одной квартире, когда ты начинаешь кричать. Твоя агрессия на пустом месте просто лишает меня всякого покоя.",Инцидент,Высокая,Страх,Страх,Личность
"Я так рада, что мы наконец-то смогли сесть и спокойно обсудить наши обиды. Мне стало гораздо легче и светлее на душе после этого разговора.",Разрешение,Высокая,Позитив,Облегчение,Внимание
"Я просто не узнаю нашу жизнь в последнее время, мы стали как чужие люди. Мне не хватает твоих нежных слов и объятий, что были раньше.",Эскалация,Средняя,Грусть,Горе/Грусть,Личность
"Спасибо, что поддержал меня в решении уволиться, это было важно для меня. Я чувствую твою крепкую опору, и это придает мне уверенности в себе.",Разрешение,Средняя,Позитив,Признательность/Радость,Деньги
"Да мне наплевать на твои увлечения, я буду делать то, что считаю нужным! Твой вечный контроль уже у меня в печенках сидит, просто отстань!",Пик,Высокая,Гнев,Злость,Контроль
"Я сегодня понял, что был не прав по поводу твоих желаний переехать на юг. Ты права — нам нужны перемены, прости за мой упертый консерватизм.",Разрешение,Средняя,Социальные,Эмпатия,Личность
"Ты снова пошел в бар с друзьями, хотя знал, что мне сегодня очень нужна была твоя поддержка. Мне кажется, я для тебя на самом последнем месте после всех твоих приятелей.",Инцидент,Средняя,Грусть,Обида,Друзья
"Перестань контролировать каждый мой шаг и спрашивать, с кем я переписываюсь! Ты превращаешь мою жизнь в тюрьму, и я больше не могу это терпеть!",Эскалация,Высокая,Гнев,Злость,Контроль
"Твоя мать перешла все границы, оскорбив меня в моем собственном доме! Либо она уходит сейчас, либо мы расстаемся навсегда!",Пик,Высокая,Гнев,Злость,Родня
"Прости, что я сорвался из-за трат в этом месяце. Я просто очень переживаю за наши долги, но это не повод был на тебя кричать.",Разрешение,Средняя,Социальные,Раскаяние,Деньги
"Слушай, давай просто договоримся: ты не трогаешь мои рабочие вещи, а я не лезу в твой шкаф. Так будет меньше поводов для этих бесконечных бытовых стычек.",Предконфликтная,Низкая,Нейтральные,Нейтральность,Быт
"Мне так не хватает твоего внимания, ты постоянно занят чем угодно, кроме меня. Я чувствую себя абсолютно одинокой, даже когда ты сидишь в соседней комнате.",Инцидент,Средняя,Грусть,Горе/Грусть,Внимание
"Ребенок плачет уже полчаса, а ты даже не шевельнулся, чтобы ему помочь! Ты вообще понимаешь, что воспитание детей — это и твоя обязанность тоже?",Эскалация,Высокая,Гнев,Раздражение,Дети
"Ты просто эгоист, который думает только о себе и своих желаниях! Я больше не намерена тратить свою жизнь на человека, который меня ни во что не ставит!",Пик,Высокая,Гнев,Злость,Личность
"Я так рада, что мы смогли обсудить наши проблемы в сексе без стыда и взаимных упреков. Мне стало гораздо спокойнее, и я чувствую, что мы сможем вернуть ту близость.",Разрешение,Средняя,Позитив,Облегчение,Секс
"Почему ты опять поставил пароль на свой телефон, мы же договорились ничего не скрывать? Эта скрытность заставляет меня постоянно думать о самом худшем.",Предконфликтная,Средняя,Страх,Напряжение/Нервозность,Ревность
"Опять ты не помыл за собой сковородку, хотя это была единственная просьба на утро. Мне кажется, мои слова для тебя — просто пустой звук.",Предконфликтная,Низкая,Гнев,Раздражение,Быт
"Ты весь вечер просидел в соцсетях, пока я рассказывала, как тяжело прошел мой день. Тебе совсем не интересно, что я чувствую?",Инцидент,Средняя,Грусть,Обида,Внимание
"Как ты мог потратить деньги на эту ерунду, зная, что нам завтра платить за квартиру?! Это полная безответственность, я в шоке от твоего поступка.",Эскалация,Высокая,Гнев,Неодобрение,Деньги
"Хватит орать на детей, они просто играют! Ты ведешь себя как тиран, и я больше не позволю тебе пугать их своим неадекватным гневом!",Пик,Высокая,Гнев,Злость,Дети
"Знаешь, я сегодня понял, что был слишком резок вчера, прости меня. Давай просто вместе приготовим ужин и забудем этот глупый спор.",Разрешение,Низкая,Социальные,Раскаяние,Быт
"Твои друзья опять притащились без звонка, а я хотела просто поваляться в тишине. Почему ты никогда не уважаешь моё личное пространство?",Предконфликтная,Низкая,Гнев,Неодобрение,Друзья
"Твоя мама снова звонила и рассказывала, какая я плохая хозяйка. И самое обидное, что ты ей даже слова не сказал в мою защиту!",Инцидент,Средняя,Грусть,Разочарование,Родня
"Ты стал таким холодным и отстраненным в постели, будто я тебе совсем противна. Мне больно жить с человеком, который меня игнорирует.",Эскалация,Средняя,Грусть,Обида,Секс
"Убирайся к той, с кем ты там переписываешься ночами, я больше не верю твоей лжи! Твое предательство убило во мне всё живое.",Пик,Высокая,Гнев,Злость,Ревность
"Мне стало намного легче после нашего вчерашнего разговора. Я рада, что мы смогли признать свои ошибки и решить остаться вместе.",Разрешение,Высокая,Позитив,Облегчение,Личность
"Почему ты постоянно проверяешь мою геолокацию, это уже похоже на манию преследования. Ты совсем мне не доверяешь?",Предконфликтная,Средняя,Гнев,Раздражение,Контроль
"Мне страшно, когда ты начинаешь так громко кричать и хлопать дверями. В такие моменты я тебя просто не узнаю и боюсь подходить.",Инцидент,Высокая,Страх,Страх,Личность
"Ты опять пообещал забрать детей и просто «забыл», оставив их ждать под дождем. Твоему эгоизму просто нет предела, мне стыдно за тебя как за отца.",Эскалация,Высокая,Грусть,Разочарование,Дети
"Проваливай из этого дома прямо сейчас, я подаю на развод и больше не хочу тебя видеть! Ты разрушил нашу жизнь окончательно!",Пик,Высокая,Гнев,Злость,Личность
"Спасибо, что поддержал меня перед родителями, для меня это очень много значит. С тобой я чувствую себя защищенной и любимой.",Разрешение,Средняя,Позитив,Признательность/Радость,Родня
"Ты опять разбросал свои носки по всей гостиной, это же так неопрятно. Пожалуйста, начни хоть немного уважать мой труд по дому.",Предконфликтная,Низкая,Гнев,Раздражение,Быт
"Мы планировали сходить в кино, а ты опять остался на работе допоздна без предупреждения. Я чувствую себя совсем ненужной и забытой в этом браке.",Инцидент,Средняя,Грусть,Обида,Внимание
"Да заткнись ты со своей ревностью, я просто поздоровалась с соседом! Ты ведешь себя как ненормальный, и я больше не намерена оправдываться!",Пик,Высокая,Гнев,Злость,Ревность
"Я так рада, что мы решили отдать дочку в ту секцию, она прямо расцвела. Вместе мы отличная команда родителей, спасибо тебе.",Разрешение,Средняя,Социальные,Одобрение,Дети
"Слушай, давай просто сядем и обсудим наши расходы, чтобы в конце месяца не было дыры в бюджете. Я не хочу больше из-за этого ругаться.",Предконфликтная,Низкая,Нейтральные,Нейтральность,Деньги
"Твои друзья постоянно подшучивают надо мной, а ты сидишь и смеешься вместе с ними. Мне очень больно чувствовать такое предательство с твоей стороны.",Инцидент,Средняя,Гнев,Обида,Друзья
"Я чувствую, как мы отдаляемся всё больше из-за того, что ты совсем перестал меня обнимать. Неужели между нами больше нет никакой искры?",Эскалация,Средняя,Грусть,Горе/Грусть,Секс
"Уходи к своей мамочке, раз она такая идеальная и всё делает лучше меня! С меня хватит твоих вечных сравнений, живи тогда с ней!",Пик,Высокая,Гнев,Злость,Родня
"Прости, что я была такой колючей сегодня утром, просто очень не выспалась. Ты ни в чем не виноват, и я зря на тебя набросилась.",Разрешение,Низкая,Социальные,Эмпатия,Личность
"Я увидела в твоей сумке чек из ювелирного, но у меня нет обновок. Для кого этот подарок, если ты клялся мне в верности?!",Инцидент,Высокая,Страх,Страх,Ревность
"Хватит упрекать меня каждой копейкой, которую я трачу на дом и детей! Ты зарабатываешь деньги для семьи, а не для контроля надо мной!",Эскалация,Средняя,Гнев,Раздражение,Деньги
"Я ненавижу тебя за то, что ты поднял на меня руку! Забирай свои вещи и чтобы я тебя больше никогда не видела в этом доме!",Пик,Высокая,Гнев,Злость,Личность
"Спасибо, что починил кран и убрал в гараже, как я просила. Теперь в доме стало так уютно, и мне очень приятно твоё внимание.",Разрешение,Средняя,Позитив,Забота,Быт
"Ты постоянно сравниваешь нашего сына с детьми своих успешных подруг. Каждому ребенку нужен свой темп, перестань на него давить!",Инцидент,Средняя,Гнев,Неодобрение,Дети
"Я боюсь, что из-за твоего нежелания работать мы скоро окажемся на улице. Твоя лень разрушает наше будущее, и я в отчаянии.",Эскалация,Высокая,Страх,Страх,Деньги
"Проваливай к своей любовнице, я видела ваше видео и не хочу слышать никаких оправданий! Ты подлец и предатель, прощай навсегда!",Пик,Высокая,Гнев,Злость,Ревность
"Я сегодня поняла, что была слишком сурова к тебе из-за беспорядка на кухне. Давай просто вместе всё уберем и спокойно посмотрим фильм.",Разрешение,Низкая,Социальные,Осознание,Быт
"Твои друзья опять курят прямо на балконе, и весь дым идет в комнату к ребенку. Почему ты не можешь попросить их выходить на улицу?",Предконфликтная,Средняя,Гнев,Неодобрение,Друзья
"Почему ты обсуждаешь наши интимные проблемы со своей матерью по телефону? Это верх бестактности, и мне теперь стыдно смотреть ей в глаза.",Инцидент,Средняя,Гнев,Обида,Секс
"Твоя манера контролировать мои расходы сводит меня с ума. Я не маленькая девочка, а взрослая женщина, и я сама знаю, что нам нужно!",Эскалация,Средняя,Гнев,Раздражение,Контроль
"Да заткнись ты уже про свои обиды, я больше не могу это слушать! Ты всегда винишь меня во всём, а сам никогда не признаешь ошибок!",Пик,Высокая,Гнев,Злость,Личность
"Опять ты оставил грязную кружку на самом краю стола, она же упадет. Пожалуйста, убери её на кухню, это займет всего секунду.",Предконфликтная,Низкая,Гнев,Раздражение,Быт
"Ты весь вечер молчал и игнорировал мои вопросы о том, как прошел твой день. Мне кажется, я тебя просто раздражаю своим присутствием в комнате.",Инцидент,Средняя,Грусть,Обида,Внимание
"Какого черта ты обсуждаешь наш семейный бюджет со своей сестрой за моей спиной? Это наше личное дело, а не тема для сплетен в твоей семье!",Эскалация,Средняя,Гнев,Неодобрение,Родня
"Да заткнись ты, я больше не верю ни единому твоему лживому обещанию! Ты предал меня и разрушил всё наше счастье, убирайся вон!",Пик,Высокая,Гнев,Злость,Ревность
"Прости за вчерашний срыв, я действительно был не прав, когда накричал на тебя. Давай попробуем провести этот вечер спокойно и без старых обид.",Разрешение,Средняя,Социальные,Раскаяние,Личность
"Твои друзья опять зовут тебя пить, хотя мы договорились сходить в парк с детьми. Ты когда-нибудь научишься ставить семью на первое место?",Предконфликтная,Низкая,Гнев,Неодобрение,Друзья
"Ты стал совсем мало времени уделять дочке, она тебя почти не видит из-за твоих танков. Ты вообще помнишь, что ты отец, а не подросток?",Инцидент,Средняя,Грусть,Разочарование,Дети
"Я чувствую, что ты меня постоянно контролируешь, проверяя мои лайки и подписки. Это не любовь, это настоящая слежка и недоверие, я устала!",Эскалация,Средняя,Гнев,Раздражение,Контроль
"Уходи сейчас же, я не хочу слышать твои оправдания после того, что я узнала! Ты растоптал моё сердце и наше общее будущее навсегда!",Пик,Высокая,Гнев,Злость,Ревность
"Знаешь, я сегодня поняла, что была слишком сурова к тебе из-за трат. Мы справимся со всем вместе, главное, что мы всё еще одна команда.",Разрешение,Низкая,Позитив,Оптимизм,Деньги
"Твои постоянные замечания по поводу того, как я солю суп, меня просто бесят! Если тебе так не нравится — вставай к плите и готовь себе сам!",Эскалация,Средняя,Гнев,Раздражение,Быт
"Твоя мама опять учит меня воспитывать сына, а ты просто стоишь и молчишь рядом! Ты на чьей стороне вообще в этой семье и в этом доме?",Эскалация,Средняя,Гнев,Неодобрение,Родня
"Да заткнись ты уже, я не хочу слышать ни слова больше от такого лжеца! Ты разрушил мою жизнь и растоптал моё сердце своим предательством!",Пик,Высокая,Гнев,Злость,Личность
"Мне кажется, ты слишком много времени уделяешь перепискам с тем новым коллегой. Это выглядит очень странно со стороны и заставляет меня нервничать.",Предконфликтная,Низкая,Страх,Напряжение/Нервозность,Ревность
Ты опять пообещал помочь с уборкой балкона и просто проспал весь выходной. Твой эгоизм и лень меня просто выводят из себя в последнее время.,Инцидент,Средняя,Гнев,Раздражение,Быт
"Я сегодня понял, что был неправ насчет твоей новой работы, ты правда молодец. Прости, что сомневался в тебе и не поддержал в самом начале.",Разрешение,Низкая,Социальные,Осознание,Личность
"Опять ты потратил деньги на свои игры, хотя мы договаривались копить на ремонт. Ты вообще думаешь о нашем общем будущем или только о себе?",Предконфликтная,Низкая,Гнев,Неодобрение,Деньги
"Опять ты не убрала за собой крошки со стола, хотя я просил об этом утром. Мне кажется, я разговариваю со стенкой, ничего не меняется в быту!",Предконфликтная,Низкая,Гнев,Раздражение,Быт
"Я боюсь, что из-за твоих постоянных посиделок с друзьями мы скоро совсем перестанем быть парой. Остановись, пока ты окончательно всё не разрушил.",Эскалация,Средняя,Страх,Напряжение/Нервозность,Друзья
"Мне кажется, ты стал слишком много времени проводить в телефоне, даже за ужином. Это очень обидно — чувствовать себя на втором плане после мемов.",Предконфликтная,Низкая,Грусть,Обида,Внимание
"Опять ты оставил грязную чашку на столе, хотя я просила убирать сразу. Это же минутное дело, неужели так сложно проявить уважение?",Предконфликтная,Низкая,Гнев,Раздражение,Быт
"Ты стал таким холодным в постели, будто я тебя совсем не привлекаю больше. Мне не хватает твоего элементарного тепла и нежной ласки по ночам.",Эскалация,Средняя,Грусть,Разочарование,Секс
"Я видела твою переписку с ней, не смей лгать, что это по работе в выходной! Твое предательство разрушило всё наше семейное счастье в один миг!",Пик,Высокая,Гнев,Злость,Ревность
"Мне кажется, нам нужно чаще выходить куда-то вдвоем, без детей и родственников. Я очень скучаю по романтике и нашему личному времени без суеты.",Предконфликтная,Низкая,Позитив,Желание/Мотивация,Внимание
Я случайно увидела твой второй телефон под сиденьем и не могу прийти в себя. Как ты мог так подло и долго обманывать меня всё это время?,Инцидент,Высокая,Страх,Страх,Ревность
"Хватит врать, я знаю, что ты проиграл все наши накопления на отпуск! Ты разрушил жизнь не только себе, но и всей нашей семье за один вечер!",Пик,Высокая,Гнев,Злость,Деньги
"Опять в ванной гора твоих грязных полотенец на полу, неужели сложно их повесить? Твоя бытовая лень и неряшливость меня просто выводит из себя сегодня.",Предконфликтная,Низкая,Гнев,Раздражение,Быт
"Мне кажется, ты уделяешь работе гораздо больше времени, чем нашей семье по вечерам. Дети скоро перестанут тебя узнавать, остановись, пока не поздно!",Предконфликтная,Низкая,Грусть,Обида,Дети
"Мне неприятно, когда ты обсуждаешь нашу личную жизнь со своими многочисленными подругами. Это должно оставаться только между нами двумя в этой комнате.",Инцидент,Средняя,Гнев,Неодобрение,Друзья
"Как же здорово, что мы наконец-то съездили в этот отпуск вдвоем без телефонов. Я снова почувствовала себя любимой и по-настоящему счастливой, спасибо тебе огромное.",Разрешение,Высокая,Позитив,Признательность/Радость,Внимание
"Почему ты опять забыл выключить свет в коридоре, мы же договаривались экономить? Твоя невнимательность к мелочам в быту меня иногда просто поражает.",Предконфликтная,Низкая,Гнев,Раздражение,Быт
"Ты весь вечер промолчал на ужине у моих родителей, будто тебя заставили туда прийти под дулом пистолета. Это было очень неловко для меня и обидно для них.",Инцидент,Средняя,Грусть,Обида,Родня
"Твоя мама снова звонит в субботу утром, чтобы указать, как мне лучше готовить ужин для тебя. Почему ты не можешь попросить её не вмешиваться в нашу жизнь?",Инцидент,Средняя,Гнев,Раздражение,Родня
"Я сегодня осознала, что зря так сильно ревновала тебя к той новой коллеге в офисе, прости. Прости за мои беспочвенные сцены, я просто слишком сильно дорожу тобой и боюсь потерять.",Разрешение,Средняя,Социальные,Раскаяние,Ревность
"Убирайся вон из моей жизни прямо сейчас, я видела твое фото с той девицей на пляже сегодня! Ты лживый изменник, который пользовался моим доверием и любовью ради своих грязных интрижек!",Пик,Высокая,Гнев,Злость,Ревность
"Опять твои кроссовки валяются прямо в проходе. Неужели так трудно поставить их на полку, чтобы я не спотыкалась?",Предконфликтная,Низкая,Гнев,Раздражение,Быт
"Ты весь вечер молчишь и даже не смотришь в мою сторону. Такое чувство, что я тебя просто бешу своим присутствием.",Инцидент,Средняя,Грусть,Обида,Внимание
"Мы же договорились не тратить эти деньги, это на ремонт! Почему ты всегда принимаешь решения в одиночку, игнорируя меня?",Эскалация,Высокая,Гнев,Неодобрение,Деньги
"Я больше не могу это слушать, ты просто невыносим в своём упрямстве! Уходи, я хочу побыть одна и всё обдумать.",Пик,Высокая,Гнев,Злость,Личность
"Прости, я действительно перегнула палку с критикой твоих друзей. Я просто очень устала и сорвалась на тебе, извини.",Разрешение,Средняя,Социальные,Раскаяние,Друзья
"Твоя мама опять придет в субботу без предупреждения? Пожалуйста, скажи ей, что у нас были свои планы на этот день.",Предконфликтная,Низкая,Страх,Напряжение/Нервозность,Родня
"Мне кажется, ты совсем перестал меня хотеть, ты всегда находишь отговорки. Мне больно чувствовать себя ненужной в нашей постели.",Инцидент,Средняя,Грусть,Разочарование,Секс
"Опять ты проверял мою почту, пока я была в душе? Твоя подозрительность уже переходит все границы разумного!",Эскалация,Высокая,Гнев,Раздражение,Ревность
"Хватит меня контролировать, я не твой подчиненный и не ребенок! Я сама решаю, куда мне идти и с кем общаться!",Пик,Высокая,Гнев,Злость,Контроль
"Я так рада, что мы смогли спокойно распределить обязанности по дому. Теперь мне гораздо легче дышится, спасибо за понимание.",Разрешение,Средняя,Позитив,Облегчение,Быт
"Ребенок опять плачет, а ты даже ухом не ведешь, уткнувшись в приставку. Помоги мне хотя бы раз без десяти просьб!",Предконфликтная,Средняя,Гнев,Раздражение,Дети
"Ты обещал, что мы проведем этот вечер вместе, но опять ушел к своим друзьям. Похоже, они для тебя важнее нашей семьи.",Инцидент,Средняя,Грусть,Обида,Друзья
Где ты был до трех ночи и почему не отвечал на мои звонки?! Я чуть с ума не сошла от страха и неизвестности!,Эскалация,Высокая,Страх,Страх,Внимание
"Ты просто жалкий лжец, я видела твою переписку с той девицей! Убирайся вон, я не хочу тебя больше знать!",Пик,Высокая,Гнев,Злость,Ревность
"Знаешь, я сегодня поняла, что зря придиралась к твоим тратам. Ты действительно много работаешь и заслуживаешь радовать себя иногда.",Разрешение,Низкая,Социальные,Осознание,Деньги
"Почему ты никогда не спрашиваешь, как я себя чувствую после работы? Тебе важно только то, что я приготовила на ужин.",Предконфликтная,Низкая,Грусть,Обида,Внимание
"Твои друзья опять устроили в гостиной бардак, а мне всё это убирать. Это просто неуважение к моему труду и нашему дому.",Инцидент,Средняя,Гнев,Неодобрение,Друзья
"Мы тонем в долгах, а ты покупаешь себе новый телефон без спроса! Это полная безответственность, я в ужасе от нашего будущего.",Эскалация,Высокая,Страх,Страх,Деньги
"Я ненавижу тебя в такие моменты, ты ведешь себя как настоящий монстр! Не смей на меня орать, я больше этого не потерплю!",Пик,Высокая,Гнев,Злость,Личность
"Спасибо, что выслушал меня и не стал сразу спорить. Я ценю, что ты стараешься меня понять, это очень важно для нас.",Разрешение,Средняя,Социальные,Эмпатия,Личность
"Опять ты не вынес мусор, хотя пакет уже стоит у самой двери. Почему мне приходится напоминать об этом каждый день?",Предконфликтная,Низкая,Гнев,Раздражение,Быт
"Ты постоянно сравниваешь меня со своей сестрой, и это очень обидно. Я другой человек и живу по своим правилам.",Инцидент,Средняя,Гнев,Неодобрение,Родня
"Твой контроль над моими финансами становится просто удушающим. Я работаю и имею право тратить деньги так, как считаю нужным!",Эскалация,Средняя,Гнев,Раздражение,Контроль
"Пошел вон к своей идеальной мамочке, раз она всё делает лучше меня! Я больше не намерена это выслушивать!",Пик,Высокая,Гнев,Злость,Родня
"Я сегодня осознал, что был не прав, когда запрещал тебе ехать в ту поездку. Ты вольный человек, и я должен тебе доверять.",Разрешение,Средняя,Социальные,Осознание,Личность
"Мне кажется, ты уделяешь детям гораздо меньше времени, чем своим соцсетям. Они скучают по тебе, хотя ты сидишь рядом.",Предконфликтная,Низкая,Грусть,Обида,Дети
"Ты опять пообещал починить кран и забыл, а вода продолжает капать. Твоя необязательность в быту меня просто доканывает.",Инцидент,Средняя,Гнев,Раздражение,Быт
"Я боюсь, что наше охлаждение в общении приведет к разводу. Мы совсем перестали делиться друг с другом важными вещами.",Эскалация,Средняя,Страх,Напряжение/Нервозность,Внимание
"Как же хорошо, что мы наконец-то просто обнялись и забыли всё плохое. Я люблю тебя и верю, что мы всё сможем.",Разрешение,Высокая,Позитив,Любовь,Личность
"Опять ты поставил пустую коробку в холодильник вместо того, чтобы выбросить. Такие мелочи заставляют меня просто выходить из себя.",Предконфликтная,Низкая,Гнев,Раздражение,Быт
"Почему ты обсуждаешь наши интимные проблемы со своими друзьями? Это предательство нашего доверия, мне просто невыносимо это осознавать.",Инцидент,Средняя,Гнев,Обида,Секс
"Твоя привычка постоянно поправлять меня при людях просто унизительна. Ты выставляешь меня дурой, и я больше этого не допущу!",Эскалация,Высокая,Гнев,Неодобрение,Личность
"Убирайся прочь из моей квартиры и не смей больше здесь появляться! Ты разрушил всё, что я строила годами, своим враньем!",Пик,Высокая,Гнев,Злость,Ревность
"Прости меня за те слова, я наговорила их в порыве злости и совсем так не думаю. Ты — самый лучший отец, и я ценю твою помощь.",Разрешение,Средняя,Социальные,Раскаяние,Дети
"Твоя мама опять звонит с советами, хотя я просила нас не беспокоить. Пожалуйста, установи для нее какие-то границы наконец.",Предконфликтная,Низкая,Гнев,Неодобрение,Родня
"Ты опять всё время в кровати сидишь в ноутбуке, игнорируя меня. Я чувствую себя просто предметом мебели в этой спальне.",Инцидент,Средняя,Грусть,Обида,Секс
"Хватит проверять мои чеки, я не должна отчитываться за каждый купленный йогурт! Твой контроль над деньгами — это просто безумие.",Эскалация,Средняя,Гнев,Раздражение,Деньги
"Я ненавижу твою скрытность, ты вечно что-то шепчешь по телефону! Если у тебя кто-то есть — скажи прямо и уходи!",Пик,Высокая,Гнев,Злость,Ревность
"Я так рада, что мы смогли найти компромисс по поводу отпуска. Это большое облегчение — знать, что мы слышим друг друга.",Разрешение,Средняя,Позитив,Облегчение,Внимание
"Ты весь ужин промолчал, будто я тебя заставила сидеть рядом силой. Мне очень больно чувствовать это ледяное равнодушие.",Инцидент,Средняя,Грусть,Обида,Внимание
Как ты мог обсудить наши долги с моей сестрой без моего разрешения? Это верх бестактности и прямое предательство!,Эскалация,Высокая,Гнев,Неодобрение,Родня
"Да заткнись ты, я больше не верю ни единому твоему лживому обещанию! На этом наши отношения закончены, собирай свои вещи!",Пик,Высокая,Гнев,Злость,Ревность
"Я сегодня понял, что был слишком строг к тебе из-за того беспорядка. Прости, я просто перенес свою злость с работы на наш дом.",Разрешение,Низкая,Социальные,Осознание,Быт
"Твои друзья опять собираются у нас, а мне завтра рано вставать на работу. Почему ты никогда не советуешься со мной?",Предконфликтная,Низкая,Гнев,Неодобрение,Друзья
"Ты стал совсем мало времени проводить с сыном, он тебя почти не видит. Тебе вообще есть дело до того, как он растет?",Инцидент,Средняя,Грусть,Разочарование,Дети
"Твои постоянные поучения, как мне общаться с людьми, просто выводят из себя. Перестань меня контролировать в каждом моем слове!",Эскалация,Средняя,Гнев,Раздражение,Контроль
"Спасибо, что поддержал моё решение уволиться с той ужасной работы. Твоя вера в меня дает мне силы двигаться дальше.",Разрешение,Средняя,Позитив,Признательность/Радость,Деньги
"Опять ты не купила продукты по списку, хотя я напоминал тебе об этом трижды. Теперь нам придется голодать или заказывать еду.",Предконфликтная,Низкая,Гнев,Раздражение,Быт
"Ты весь вечер просидел в телефоне, пока я пыталась обсудить наши общие планы. У меня чувство, что я тебе совсем не интересна.",Инцидент,Средняя,Грусть,Обида,Внимание
"Хватит орать на детей, ты их просто запугал до икоты своей агрессией! Если не можешь сдержаться — уходи прочь!",Пик,Высокая,Гнев,Злость,Дети
"Прости за вчерашний срыв, я действительно был не прав, когда накричал на тебя. Давай просто вместе поужинаем и помиримся.",Разрешение,Средняя,Социальные,Раскаяние,Личность
"Ты стал таким равнодушным ко мне, будто мы чужие люди, живущие под одной крышей. Мне так не хватает твоего прежнего тепла.",Инцидент,Средняя,Грусть,Горе/Грусть,Личность
Твоя привычка проверять мои лайки в инстаграме — это уже какая-то болезнь. Дай мне хоть каплю личного пространства и свободы!,Эскалация,Средняя,Гнев,Раздражение,Контроль
"Я ненавижу твоё предательство, ты врал мне в лицо целый год! Проваливай к своей шлюхе, я подаю на развод сегодня же!",Пик,Высокая,Гнев,Злость,Ревность
"Как же я рада, что мы смогли пережить этот кризис и не разбежаться. Ты — самый дорогой мне человек, я очень тебя люблю.",Разрешение,Высокая,Позитив,Любовь,Личность
"Ты опять пообещал забрать дочку и просто забыл об этом, сидя на работе. Твоя необязательность просто разбивает ей сердце.",Инцидент,Средняя,Грусть,Разочарование,Дети
"Какого черта ты лезешь в мой телефон, когда я сплю? У тебя вообще нет никакого чувства такта и уважения к моей тайне?",Эскалация,Высокая,Гнев,Раздражение,Контроль
"Убирайся вон, я видела твое сообщение от той девицы в три часа ночи! Ты подлый изменник, прощай навсегда!",Пик,Высокая,Гнев,Злость,Ревность
"Знаешь, я сегодня поняла, что была неоправданно строга к тебе из-за денег. Давай просто вместе составим план и справимся со всем.",Разрешение,Низкая,Позитив,Оптимизм,Деньги
"Почему твоя мама считает нормальным приходить к нам без звонка и рыться в шкафах? Это мой дом тоже, и я требую уважения к границам!",Предконфликтная,Средняя,Гнев,Неодобрение,Родня
"Ты стал таким холодным в постели, будто я тебя совсем не привлекаю больше. Мне больно чувствовать эту стену, которую ты выстроил.",Инцидент,Средняя,Грусть,Разочарование,Секс
"Хватит упрекать меня каждой копейкой, я тоже работаю и вношу вклад в бюджет! Твоя скупость просто убивает во мне все чувства.",Эскалация,Средняя,Гнев,Раздражение,Деньги
"Я боюсь находиться с тобой в одной комнате, когда ты начинаешь швырять вещи в ярости. Твоя агрессия просто сводит меня с ума от страха.",Пик,Высокая,Страх,Страх,Личность
"Я так рада, что мы наконец-то спокойно обсудили наши страхи без криков. Мне стало гораздо легче дышать после этого разговора.",Разрешение,Высокая,Позитив,Облегчение,Личность
Твои постоянные придирки к моей манере общения с коллегами доводят до бешенства. Хватит меня контролировать в каждом моем шаге!,Эскалация,Средняя,Гнев,Раздражение,Контроль
"Да мне плевать на твои извинения, ты опять пропил все деньги, отложенные на отпуск! Ты ненадежный эгоист, уходи прочь!",Пик,Высокая,Гнев,Злость,Деньги
"Я сегодня понял, что был слишком категоричен по поводу твоего нового хобби. Ты молодец, что развиваешься, я буду тебя поддерживать.",Разрешение,Низкая,Позитив,Одобрение,Личность
"Твои друзья опять курят на кухне, хотя я сто раз просила этого не делать. Ты совсем не считаешься с моим здоровьем в этом доме.",Предконфликтная,Средняя,Гнев,Неодобрение,Друзья
"Спасибо за твою заботу и за то, что ты был рядом, когда мне было плохо. Ты мой самый надежный тыл, и я очень тебя люблю.",Разрешение,Средняя,Позитив,Любовь,Внимание
Опять ты забыла выключить свет в коридоре на всю ночь. Твоя невнимательность к таким мелочам меня просто поражает иногда.,Предконфликтная,Низкая,Гнев,Раздражение,Быт
"Почему ты никогда не даришь мне подарки просто так, без повода? Мне очень больно осознавать, что вся романтика в отношениях испарилась.",Инцидент,Средняя,Грусть,Обида,Внимание
"Да мне плевать на твои пустые обещания, ты опять просадил все деньги на азартные игры! Ты безответственный человек, уходи сейчас же!",Пик,Высокая,Гнев,Злость,Деньги
"Я сегодня осознала, что была неоправданно строга к тебе из-за того пустяка. Главное — твоё желание мне помочь, а остальное не важно.",Разрешение,Низкая,Социальные,Раскаяние,Быт
"Хватит контролировать каждую копейку в моем кошельке и требовать все чеки! Я взрослая женщина, твоя скупость просто душит меня.",Эскалация,Средняя,Гнев,Раздражение,Деньги
Я просто хочу тишины и чтобы меня никто не трогал хотя бы пару часов. Вся эта ситуация с нашими ссорами вымотала меня до предела.,Предконфликтная,Низкая,Нейтральные,Нейтральность,Личность
"Как же я счастлив, что мы смогли найти в себе силы простить друг друга. Ты самая мудрая женщина, и я бесконечно благодарен за тебя.",Разрешение,Высокая,Позитив,Любовь,Личность
Опять ты не убрала за собой крошки со стола после своего перекуса. Твои элементарные просьбы о порядке в доме просто игнорируются.,Предконфликтная,Низкая,Гнев,Раздражение,Быт
"Убирайся прочь, я видела твою тайную переписку в скрытом чате, не смей врать! Ты предал меня в самый уязвимый момент, прощай!",Пик,Высокая,Гнев,Злость,Ревность
"Я сегодня понял, что был слишком категоричен в суждениях о твоей новой работе. Ты отлично справляешься, и я горжусь твоим успехом.",Разрешение,Низкая,Позитив,Одобрение,Личность
Твои друзья опять оставили гору немытой посуды и запах дыма в нашей квартире. Я не нанималась горничной для твоей шумной компании!,Предконфликтная,Средняя,Гнев,Неодобрение,Друзья
"Я заметила, что ты стала ставить сложные пароли на все мессенджеры в телефоне. Это поведение человека, который явно что-то скрывает от меня.",Инцидент,Высокая,Страх,Страх,Ревность
"Почему ты опять забыл про нашу годовщину, хотя я напоминала тебе об этом неделю назад? Твое равнодушие к важным датам меня очень сильно ранит.",Предконфликтная,Низкая,Грусть,Обида,Внимание
"Ты весь вечер просидел с угрюмым видом у моих родителей, испортив всем праздник. Твое нежелание идти на контакт с моими близкими просто возмутительно.",Инцидент,Средняя,Гнев,Неодобрение,Родня
"Твой вечный контроль над моим гардеробом уже переходит все границы приличия. Я взрослая женщина и сама решу, что мне надевать на работу!",Эскалация,Средняя,Гнев,Раздражение,Контроль
"Да мне плевать на твои оправдания, ты опять потратил деньги с детского счета на свои авантюры! Ты никчемный человек, уходи из этого дома!",Пик,Высокая,Гнев,Злость,Деньги
"Прости, что я была такой холодной после твоей неудачи на той презентации. Я сама испугалась за наше будущее и не нашла вовремя слов поддержки.",Разрешение,Средняя,Социальные,Эмпатия,Личность
"Твои друзья опять зовут тебя на рыбалку, когда мы планировали поехать за мебелью. Почему твои личные развлечения всегда весомее наших обещаний?",Предконфликтная,Низкая,Гнев,Неодобрение,Друзья
"Я заметил, что ты стала нервно реагировать на вопросы о твоем дне и прячешь взгляд. Пожалуйста, будь со мной честна — у нас еще есть будущее?",Инцидент,Высокая,Страх,Страх,Внимание
"Хватит попрекать меня каждой копейкой на йогу, моё спокойствие важно не меньше! Твоя финансовая жадность убивает во мне желание строить с тобой быт.",Эскалация,Средняя,Гнев,Раздражение,Деньги
"Опять в холодильнике шаром покати, хотя ты обещал зайти за продуктами по пути. Теперь нам придется тратить лишние деньги на доставку еды.",Предконфликтная,Низкая,Гнев,Раздражение,Быт
"Я сегодня поняла, что была неоправданно сурова к тебе из-за того бизнес-проекта. Я горжусь твоим упорством и верю, что в следующий раз всё получится.",Разрешение,Средняя,Социальные,Эмпатия,Личность
"Я просто хочу, чтобы этот вечер поскорее закончился, нет сил даже на слезы после ссоры. Внутри звенящая пустота и полное безразличие ко всему в этом доме.",Предконфликтная,Низкая,Нейтральные,Нейтральность,Личность
"Твои друзья опять оставили гору мусора и запах пива на моем любимом диване. Я не нанималась в клининговую службу для приятелей, пусть убирают сами!",Предконфликтная,Низкая,Гнев,Неодобрение,Друзья
"Хватит орать на детей из-за того, что они шумят и мешают тебе смотреть телевизор! Твоя неоправданная агрессия на пустом месте просто выматывает всех нас.",Эскалация,Средняя,Гнев,Раздражение,Дети
"Убирайся прочь со своими лживыми извинениями, я видела твою тайную переписку! Ты подлый лжец, который клялся в верности, пока за спиной искал приключения!",Пик,Высокая,Гнев,Злость,Ревность
"Я просто хочу тишины и чтобы меня никто не трогал пару часов, нет сил на выяснения. Вся эта ситуация с вечными ссорами вымотала меня морально.",Предконфликтная,Низкая,Нейтральные,Нейтральность,Личность
"Я сегодня понял, что был слишком категоричен в суждениях о твоем новом хобби вчера. Ты так светишься от радости после занятий, и это делает атмосферу в доме теплее.",Разрешение,Низкая,Позитив,Одобрение,Личность
"Спасибо, что поддержал меня в моем решении начать свой бизнес, несмотря на все риски. Ты бесконечно мне дорог, и твоя вера — это мой самый главный двигатель.",Разрешение,Средняя,Позитив,Любовь,Деньги
Твои постоянные придирки к моей манере общения с твоими родственниками доводят до бешенства! Хватит меня контролировать в каждом моем слове при них на праздниках!,Эскалация,Средняя,Гнев,Раздражение,Родня
"Почему я должна оправдываться за каждую покупку из наших общих сбережений, даже самую мелкую? Твой жесткий контроль в финансовых вопросах просто унижает моё достоинство.",Эскалация,Средняя,Гнев,Неодобрение,Деньги
"Почему в ванной опять лежат твои грязные носки, неужели так трудно донести их до корзины? Меня просто бесит, что я должна постоянно за тобой подбирать вещи.",Предконфликтная,Низкая,Гнев,Раздражение,Быт
"Мы же договорились сходить в кино, а ты опять задерживаешься на работе без предупреждения. Такое чувство, что твои отчеты тебе гораздо важнее наших отношений.",Инцидент,Средняя,Грусть,Обида,Внимание
"Ты потратил всю нашу заначку на эту игровую приставку, даже не спросив меня! Мы же копили на отпуск, а ты всё просто спустил на свои игрушки!",Эскалация,Высокая,Гнев,Злость,Деньги
"Уходи из дома прямо сейчас, я не хочу тебя больше видеть после того, что ты наговорил детям! Ты перешел все границы дозволенного, и прощения тебе нет!",Пик,Высокая,Гнев,Злость,Дети
"Прости меня за вчерашнюю вспышку гнева, я действительно была не в себе из-за стресса. Давай просто обнимемся и забудем этот глупый спор о посуде.",Разрешение,Средняя,Социальные,Раскаяние,Быт
"Твоя мама опять прислала кучу советов, как мне правильно вести хозяйство. Пожалуйста, поговори с ней, я больше не могу терпеть этот вечный надзор.",Предконфликтная,Низкая,Гнев,Неодобрение,Родня
"Твои друзья постоянно подшучивают надо мной, а ты сидишь и просто молчишь. Мне очень больно осознавать, что ты не можешь меня защитить в своей компании.",Инцидент,Средняя,Грусть,Обида,Друзья
"Я видела твою тайную переписку в телефоне, не смей мне больше врать в лицо! Твое предательство разрушило всё, что мы строили эти десять лет!",Пик,Высокая,Гнев,Злость,Ревность
"Я так рада, что мы смогли найти в себе силы простить друг друга после всего этого кошмара. Я очень люблю тебя и хочу, чтобы мы всегда были по-настоящему счастливы.",Разрешение,Высокая,Позитив,Любовь,Личность
"Ты опять поменял пароль на своем компьютере, хотя обещал быть полностью откровенным. Эта скрытность заставляет меня постоянно нервничать и подозревать неладное.",Предконфликтная,Средняя,Страх,Напряжение/Нервозность,Контроль
"Мне страшно находиться с тобой в одной комнате, когда ты так громко кричишь и швыряешь вещи. Твоя неуправляемая агрессия на пустом месте просто лишает меня сил.",Инцидент,Высокая,Страх,Страх,Личность
Почему я должна отчитываться за каждый потраченный рубль из наших общих денег? Твой тотальный финансовый контроль уже переходит все разумные рамки приличия.,Эскалация,Средняя,Гнев,Неодобрение,Деньги
"Убирайся вон, я больше не верю ни единому твоему обещанию измениться! Твое вранье — это жирная точка в нашей совместной жизни, прощай навсегда!",Пик,Высокая,Гнев,Злость,Личность
"Знаешь, я сегодня поняла, что была слишком сурова к тебе из-за того пустяка с уборкой. Главное, что мы вместе, а беспорядок мы можем прибрать вдвоем за пять минут.",Разрешение,Низкая,Социальные,Осознание,Быт
"Опять ты пообещал забрать детей из школы и просто «забыл» об этом в офисе. Твоя безответственность просто не знает границ, мне стыдно за тебя как за отца.",Предконфликтная,Средняя,Гнев,Раздражение,Дети
"Я боюсь, что наше полное отсутствие общения по вечерам приведет к тому, что мы разведемся. Мы стали совсем чужими, и я не вижу выхода из этого тупика.",Эскалация,Средняя,Страх,Напряжение/Нервозность,Внимание
"Это действительно чудо, что мы смогли найти в себе мудрость простить друг друга. Я верю в наше светлое будущее и очень ценю, что ты остался рядом со мной.",Разрешение,Высокая,Позитив,Оптимизм,Личность
"Почему ты никогда не защищаешь меня, когда твоя сестра начинает отпускать едкие шутки? Мне очень горько от твоего молчаливого предательства в такие моменты.",Инцидент,Средняя,Гнев,Обида,Родня
"Ты стал таким холодным в общении, будто я тебя чем-то постоянно раздражаю. Мне так не хватает твоих добрых слов и того нежного взгляда, что был раньше.",Инцидент,Средняя,Грусть,Горе/Грусть,Личность
"Твоя манера указывать мне, с кем дружить, просто выводит меня из себя! Я взрослая женщина и сама решу, кто достоин быть в моем окружении, а кто нет!",Эскалация,Средняя,Гнев,Раздражение,Контроль
"Проваливай к своей мамочке, раз она такая идеальная и всё делает лучше меня! Я больше не намерена терпеть твои вечные сравнения и попреки в быту!",Пик,Высокая,Гнев,Злость,Родня
"Спасибо, что поддержал моё решение пойти на курсы, для меня это очень важно. Я чувствую твою крепкую опору, и это придает мне уверенности в завтрашнем дне.",Разрешение,Средняя,Позитив,Признательность/Радость,Личность
"Опять в холодильнике пусто, хотя ты обещал зайти в магазин по дороге домой. Твоя рассеянность в бытовых делах меня просто выводит из себя и злит.",Предконфликтная,Низкая,Гнев,Раздражение,Быт
"Твоё полное нежелание даже обсудить наши финансовые проблемы тихо убивает наш союз. Если тебе всё равно на наше будущее, так и скажи это честно мне прямо сейчас.",Инцидент,Средняя,Грусть,Разочарование,Деньги
"Опять ты оставил грязную сковородку в раковине, хотя обещал помыть её сразу после обеда. Мне кажется, я говорю в пустоту.",Предконфликтная,Низкая,Гнев,Раздражение,Быт
"Ты весь вечер просидел в телефоне, даже не взглянув на меня. Я чувствую себя абсолютно лишней в этом доме.",Инцидент,Средняя,Грусть,Обида,Внимание
"Куда ушли деньги с нашего накопительного счета, почему ты тратишь их без спроса?! Это просто верх безответственности!",Эскалация,Высокая,Гнев,Злость,Деньги
"Хватит орать на детей из-за каждой пролитой капли сока! Уходи в другую комнату, пока не успокоишься!",Пик,Высокая,Гнев,Злость,Дети
"Прости, я действительно перегнул палку с замечаниями про твоих друзей. Я ценю твое окружение и постараюсь быть сдержаннее.",Разрешение,Средняя,Социальные,Раскаяние,Друзья
"Твоя манера перебивать меня при гостях заставляет меня чувствовать себя глупо. Давай обсудим это сейчас, пока мы не поссорились.",Предконфликтная,Низкая,Нейтральные,Неодобрение,Личность
"Твоя мама опять прислала список дел на наши выходные, не спросив нас. Я устала от того, что она планирует нашу жизнь.",Инцидент,Средняя,Гнев,Раздражение,Родня
"Мы уже месяц не были близки, и ты постоянно находишь нелепые отговорки. Мне страшно, что мы совсем отдаляемся друг от друга.",Эскалация,Средняя,Грусть,Разочарование,Секс
"Забирай свой телефон и вали к ней, я видела все ваши ночные переписки! Не смей больше возвращаться!",Пик,Высокая,Гнев,Злость,Ревность
"Хватит проверять мою историю браузера, это уже паранойя! Твой контроль просто душит меня, дай мне дышать!",Эскалация,Высокая,Гнев,Злость,Контроль
"Знаешь, я сегодня понял, что был слишком требователен к порядку в доме. Главное — наш покой, а не вымытый пол.",Разрешение,Низкая,Социальные,Осознание,Быт
"Мне кажется, ты стал слишком много времени проводить с коллегами после работы. Я скучаю по нашим совместным вечерам.",Предконфликтная,Низкая,Позитив,Желание/Мотивация,Внимание
"Ты опять пообещал зайти в банк и забыл, теперь нам начислят штраф! Почему на тебя нельзя положиться в серьезных делах?",Инцидент,Средняя,Гнев,Раздражение,Деньги
"Я боюсь, что из-за твоего воспитания сын вырастет затравленным и неуверенным. Твои окрики пугают даже меня!",Эскалация,Высокая,Страх,Страх,Дети
"Пошел вон из дома, я больше не верю ни единому твоему обещанию измениться! Ты растоптал мою жизнь!",Пик,Высокая,Гнев,Злость,Личность
"Спасибо, что помог мне разобраться с делами моей семьи, это было очень вовремя. Я рада, что мы смогли договориться.",Разрешение,Средняя,Позитив,Облегчение,Родня
"Почему ты никогда не берешь на себя инициативу в сексе, мне приходится всё делать самой? Я чувствую себя непривлекательной.",Инцидент,Средняя,Грусть,Обида,Секс
"Я видела чек из ювелирного, но у меня нет обновок — для кого он?! Не ври мне больше, я всё равно узнаю правду!",Эскалация,Высокая,Страх,Страх,Ревность
"Хватит допрашивать меня, почему я задержалась на десять минут! Твоя мания контроля скоро сведет меня в могилу!",Пик,Высокая,Гнев,Злость,Контроль
"Прости за мою вчерашнюю истерику, я просто очень сильно вымоталась в офисе. Давай просто обнимемся и забудем всё.",Разрешение,Средняя,Социальные,Раскаяние,Личность
"Ты опять забыл купить продукты по списку, хотя я трижды напоминала. Как мне планировать ужин в таких условиях?",Предконфликтная,Низкая,Гнев,Раздражение,Быт
"Ты вечно отменяешь наше время ради своих посиделок в гараже. Я чувствую, что я для тебя — лишь фон.",Инцидент,Средняя,Грусть,Обида,Внимание
"Если ты еще раз возьмешь деньги из детской копилки на свои запчасти, я подам на развод! Это дно!",Эскалация,Высокая,Гнев,Злость,Деньги
"Убирайся прочь, я видела твою переписку с «просто коллегой»! Ты лживый подонок, и я тебя ненавижу!",Пик,Высокая,Гнев,Злость,Ревность
"Я так рада, что мы решили вопрос с отпуском без криков и обид. Это вселяет в меня надежду на наше будущее.",Разрешение,Низкая,Позитив,Оптимизм,Личность
"Почему твоя мама считает нормальным входить в нашу комнату без стука? Установи границы, иначе я просто сменю замки!",Предконфликтная,Средняя,Гнев,Неодобрение,Родня
"Твои друзья опять оставили гору мусора после футбола, а убирать всё мне. Это полное неуважение к моему труду.",Инцидент,Средняя,Гнев,Раздражение,Друзья
"Ребенок плачет от твоих криков, неужели ты не видишь, как он тебя боится? Остановись сейчас же, ты ведешь себя как зверь!",Эскалация,Высокая,Гнев,Злость,Дети
Я ненавижу твой характер и твою привычку всегда считать себя правым! Ты просто невыносимый деспот!,Пик,Высокая,Гнев,Злость,Личность
"Спасибо за то, что приготовил сегодня ужин, пока я спала. Мне было очень приятно почувствовать твою заботу.",Разрешение,Средняя,Позитив,Забота,Быт
"Ты опять промолчал, когда меня оскорбляли, будто тебя это вообще не касается. Я не чувствую в тебе мужской опоры.",Инцидент,Средняя,Грусть,Разочарование,Внимание
"Мы совсем перестали заниматься сексом, и меня это пугает до дрожи. Неужели наши чувства окончательно остыли?",Предконфликтная,Средняя,Страх,Напряжение/Нервозность,Секс
"Хватит указывать мне, как тратить мои личные заработанные деньги! Твой финансовый контроль — это просто наглость!",Эскалация,Средняя,Гнев,Раздражение,Деньги
"Уходи, я не хочу тебя видеть после того, что ты сделал с нашей семьей! Твоё враньё — это конец!",Пик,Высокая,Гнев,Злость,Личность
"Знаешь, я сегодня поняла, что зря ревновала тебя к коллеге. Прости за мои глупые подозрения, я доверяю тебе.",Разрешение,Низкая,Социальные,Осознание,Ревность
"Опять в холодильнике шаром покати, хотя сегодня твоя очередь наводить порядок. Твоя лень меня просто выводит из себя.",Предконфликтная,Низкая,Гнев,Раздражение,Быт
Ты постоянно обсуждаешь наши проблемы со своими друзьями за пивом. Это предательство нашей близости и личной жизни!,Инцидент,Средняя,Гнев,Обида,Друзья
"Твои поучения насчет воспитания детей просто невыносимы, ты сам ими почти не занимаешься! Сначала включись в процесс, а потом советуй!",Эскалация,Средняя,Гнев,Неодобрение,Дети
"Проваливай к черту, я подаю на развод и забираю детей! Ты больше никогда не причинишь нам боли!",Пик,Высокая,Гнев,Злость,Личность
"Я так благодарен тебе за терпение во время моего увольнения. Твоя поддержка помогла мне не опустить руки, спасибо.",Разрешение,Высокая,Позитив,Признательность/Радость,Деньги
"Опять ты разбросал свои вещи по всей комнате, хотя я только что убралась. Тебе что, нравится смотреть на этот хаос?",Предконфликтная,Низкая,Гнев,Раздражение,Быт
"Почему твоя мама снова диктует мне, что готовить на ужин?! Это наш дом, и я здесь хозяйка, а не она!",Эскалация,Высокая,Гнев,Раздражение,Родня
"Убирайся к своей любовнице, я видела ваше видео и больше не верю твоим клятвам! Ты разрушил всё наше счастье!",Пик,Высокая,Гнев,Злость,Ревность
"Я сегодня понял, что был неправ, когда критиковал твое хобби. Главное, что ты счастлива, а деньги — дело наживное.",Разрешение,Низкая,Социальные,Эмпатия,Личность
Твои друзья опять заняли всё наше парковочное место у дома. Почему ты позволяешь им так бесцеремонно себя вести?,Предконфликтная,Низкая,Гнев,Неодобрение,Друзья
"Мы совсем перестали разговаривать о чем-то, кроме быта и детей. Я боюсь, что мы просто становимся сожителями.",Инцидент,Средняя,Страх,Напряжение/Нервозность,Внимание
"Хватит проверять мои чеки за продукты, я не ворую у семьи! Твоя подозрительность просто унизительна для меня!",Эскалация,Средняя,Гнев,Раздражение,Деньги
"Да заткнись ты уже, я не хочу слышать ни слова больше! Ты предал меня в самый трудный момент жизни!",Пик,Высокая,Гнев,Злость,Личность
"Опять ты не предупредил, что задержишься, а я ждала тебя с новостями. Твое равнодушие к моим планам просто убивает.",Предконфликтная,Низкая,Грусть,Обида,Внимание
"Ты опять промолчал, когда твоя сестра хамила мне в лицо. Почему я должна сама защищать свои границы в твоей семье?",Инцидент,Средняя,Гнев,Обида,Родня
"Куда ты потратил деньги из отложенных на ремонт, не сказав мне ни слова?! Это полное неуважение к нашему общему труду!",Эскалация,Высокая,Гнев,Злость,Деньги
"Пошел вон, я видела тебя с ней сегодня в торговом центре! Не смей оправдываться, между нами всё кончено навсегда!",Пик,Высокая,Гнев,Злость,Ревность
"Прости, что я была такой резкой вчера из-за немытой посуды. Я просто очень устала и сорвалась на тебе, извини.",Разрешение,Средняя,Социальные,Раскаяние,Быт
"Твои друзья опять собираются у нас на футбол, а мне завтра в ночную смену. Почему ты не спросил, не помешают ли они мне?",Предконфликтная,Низкая,Гнев,Неодобрение,Друзья
"Ты стал совсем равнодушным к успехам детей в школе, тебе важнее твои танки. Ребенку нужно твое одобрение, а не молчание.",Инцидент,Средняя,Грусть,Разочарование,Дети
"Твой контроль над тем, с кем я переписываюсь в мессенджерах, просто пугает. Это не любовь, это настоящая слежка и недоверие!",Эскалация,Высокая,Гнев,Раздражение,Контроль
Я ненавижу твое эгоистичное поведение и твою привычку во всем винить меня! Ты просто невыносимый человек!,Пик,Высокая,Гнев,Злость,Личность
"Я так рада, что мы смогли спокойно поговорить о нашей интимной жизни. Оказывается, нам обоим просто не хватало честности друг с другом.",Разрешение,Средняя,Позитив,Облегчение,Секс
"Ты опять оставил свет в ванной на всю ночь, хотя я просила экономить. Твоя невнимательность к мелочам меня очень задевает.",Предконфликтная,Низкая,Гнев,Раздражение,Быт
"Ты весь вечер просидел с угрюмым видом у моих друзей, и это было неловко. Почему ты всегда портишь настроение в компаниях?",Инцидент,Средняя,Гнев,Неодобрение,Друзья
Твое нежелание искать работу просто убивает меня и наше финансовое благополучие. Я не могу тянуть всю семью на своих плечах вечно!,Эскалация,Высокая,Страх,Страх,Деньги
"Уходи, я не хочу больше слышать твои оправдания после твоего подлого предательства! Ты растоптал моё сердце!",Пик,Высокая,Гнев,Злость,Ревность
"Знаешь, я сегодня понял, что был слишком строг к тебе по поводу твоего внешнего вида. Ты прекрасна такая, какая ты есть, прости.",Разрешение,Низкая,Позитив,Любовь,Личность
"Почему твоя мама звонит в семь утра, чтобы рассказать, какие занавески нам купить? Пожалуйста, попроси её уважать наш сон и покой.",Предконфликтная,Низкая,Гнев,Раздражение,Родня
"Ты постоянно отменяешь наши свидания ради работы, и мне это очень обидно. Я чувствую себя совсем забытой и ненужной.",Инцидент,Средняя,Грусть,Обида,Внимание
"Да заткнись ты уже, я не хочу слышать твои бесконечные попреки и советы! Ты просто душишь меня своей заботой, которая похожа на надзор!",Пик,Высокая,Гнев,Злость,Контроль
"Спасибо, что поддержал меня перед своими родственниками, это было очень важно. Я наконец-то почувствовала, что мы действительно одна семья.",Разрешение,Средняя,Социальные,Эмпатия,Родня
"Опять ты не помыла за собой чашку после кофе, и она присохла к столу. Неужели так трудно потратить минуту на чистоту?",Предконфликтная,Низкая,Гнев,Раздражение,Быт
"Ты пообещал сходить в кино и опять заснул перед телевизором, игнорируя мои просьбы. Мои желания для тебя совсем не важны.",Инцидент,Средняя,Грусть,Обида,Внимание
"Какого черта ты распорядился нашими общими деньгами, купив эту ненужную технику?! Ты эгоист, который думает только о себе!",Эскалация,Высокая,Гнев,Злость,Деньги
"Пошел вон, я видела твою переписку с «просто знакомой» в три часа ночи! Ты лживый подонок, и я больше не верю тебе!",Пик,Высокая,Гнев,Злость,Ревность
"Твои друзья опять зовут тебя на рыбалку на все выходные, когда мы планировали дела. Почему ты всегда выбираешь их, а не меня?",Предконфликтная,Низкая,Гнев,Неодобрение,Друзья
"Ты стал очень скрытным и вздрагиваешь каждый раз, когда я подхожу к твоему телефону. Это поведение человека, который ведет двойную игру.",Инцидент,Высокая,Страх,Страх,Ревность
"Хватит орать на меня из-за того, что я пришла домой позже из-за завала на работе! Я не в тюрьме и не обязана отчитываться за каждую минуту!",Эскалация,Средняя,Гнев,Раздражение,Контроль
"Спасибо, что поддержал меня в моем решении сменить профессию, это было очень смело. Я бесконечно тебя люблю и ценю твою веру в меня.",Разрешение,Средняя,Позитив,Любовь,Личность
"Я сегодня понял, что был неправ, когда критиковал твое стремление пойти на курсы танцев. Ты так светишься от радости после занятий, и это очень круто.",Разрешение,Низкая,Позитив,Одобрение,Личность
"Я заметила, что ты стала удалять все логи звонков и переворачивать телефон экраном вниз. Это поведение человека, который явно что-то скрывает от партнера.",Инцидент,Высокая,Страх,Напряжение/Нервозность,Ревность
"Я просто хочу, чтобы ты меня крепко обнял и больше никогда не отпускал, мне так страшно за нас. Все эти крики кажутся такими ничтожными перед угрозой разрыва.",Инцидент,Высокая,Страх,Страх,Личность
"Ты опять не помыл за собой чашку, и кофе присохло так, что его не оттереть. Мелочь, а мне обидно, что мои просьбы игнорируются.",Предконфликтная,Низкая,Гнев,Раздражение,Быт
"Весь ужин ты промолчал, уткнувшись в тарелку, словно меня здесь нет. Твое равнодушие ранит меня сильнее, чем открытая ссора.",Инцидент,Средняя,Грусть,Обида,Внимание
"Куда ушли деньги с нашего счета на отпуск, ты что, опять их все проиграл?! Я не верю своим глазам, это же были наши последние накопления!",Эскалация,Высокая,Гнев,Злость,Деньги
"Убирайся к своей матери прямо сейчас, я не хочу больше видеть твое лицо! Ты предал меня и детей, и пути назад больше нет!",Пик,Высокая,Гнев,Злость,Ревность
"Я был не прав насчет твоего решения пойти на курсы, прости меня за эгоизм. Давай я оплачу твою учебу, я действительно хочу, чтобы ты развивалась.",Разрешение,Средняя,Социальные,Раскаяние,Личность
"Твои родственники опять приедут без спроса на целую неделю? Мне кажется, в этом доме моё право на отдых вообще не учитывается.",Предконфликтная,Низкая,Гнев,Неодобрение,Родня
"Ты стал совсем мало времени проводить с сыном, он постоянно спрашивает, когда папа поиграет. Мне горько видеть, как вы отдаляетесь друг от друга.",Инцидент,Средняя,Грусть,Разочарование,Дети
"Наша интимная жизнь превратилась в скучную обязанность раз в месяц, и это меня пугает. Я чувствую, что мы теряем ту ниточку, которая нас связывала.",Эскалация,Средняя,Страх,Напряжение/Нервозность,Секс
"Хватит за мной следить и проверять мои контакты, я не твоя собственность! Твой контроль делает мою жизнь просто невыносимой, я так больше не могу!",Пик,Высокая,Гнев,Злость,Контроль
"Я так рада, что мы смогли обсудить наши финансовые цели без взаимных обвинений. Мне стало гораздо спокойнее смотреть в наше будущее.",Разрешение,Средняя,Позитив,Оптимизм,Деньги
"Опять в раковине гора посуды, хотя сегодня твоя очередь наводить порядок. Неужели так сложно потратить десять минут на элементарную чистоту?",Предконфликтная,Низкая,Гнев,Раздражение,Быт
"Ты обещал, что мы сходим в парк, а в итоге опять просидел весь день в играх. Мои планы и желания для тебя всегда на последнем месте.",Инцидент,Средняя,Грусть,Обида,Внимание
"Как ты мог обсудить наши личные дела со своей матерью, зная, как это меня задевает?! Это предательство нашего доверия, и я просто в ярости!",Эскалация,Высокая,Гнев,Неодобрение,Родня
"Замолчи и уходи, я больше не верю ни единому твоему лживому оправданию! Ты разрушил всё, что у нас было, своим постоянным враньем!",Пик,Высокая,Гнев,Злость,Личность
"Твои друзья опять устроили погром на кухне, а убирать всё должна я после работы. Почему ты никогда не защищаешь мой покой в этом доме?",Предконфликтная,Низкая,Гнев,Неодобрение,Друзья
"Ребенок плачет от твоих криков, неужели ты не видишь, что он тебя боится? Твоя агрессия на пустом месте просто лишает меня дара речи.",Инцидент,Средняя,Страх,Страх,Дети
"Я боюсь, что из-за твоего нежелания даже говорить о проблемах мы скоро расстанемся. Это молчание убивает меня изнутри каждый божий день.",Эскалация,Средняя,Страх,Напряжение/Нервозность,Личность
"Пошел ты к черту со своими правилами, я буду жить так, как считаю нужным! Твой контроль уже переходит все границы моего терпения!",Пик,Высокая,Гнев,Злость,Контроль
"Спасибо, что приготовил сегодня ужин и убрал в гостиной, я очень это ценю. Мне было так приятно почувствовать твою помощь и поддержку сегодня.",Разрешение,Средняя,Позитив,Признательность/Радость,Быт
"Ты постоянно сравниваешь меня со своей сестрой, и это очень сильно меня обижает. Я другой человек, и я не обязана соответствовать твоим идеалам.",Инцидент,Средняя,Грусть,Обида,Родня
Твое нежелание искать новую работу и сидение на моей шее — это просто предел наглости! Я устала тянуть весь наш бюджет в одиночку!,Эскалация,Высокая,Гнев,Злость,Деньги
"Убирайся прочь из моей квартиры, я видела твое сообщение от той девицы из бара! Ты лживый подонок, и я больше не хочу тебя знать!",Пик,Высокая,Гнев,Злость,Ревность
"Я сегодня окончательно понял, что был не прав по поводу твоих желаний переехать. Давай попробуем найти варианты, я готов меняться ради нашего счастья.",Разрешение,Средняя,Социальные,Эмпатия,Личность
"Мне неприятно, когда ты обсуждаешь мои недостатки со своими подругами по телефону. Это предательство нашего союза, и мне больно это осознавать.",Инцидент,Средняя,Гнев,Неодобрение,Друзья
"Я чувствую, что мы окончательно погрязли в бытовухе и совсем забыли про нежность. Где та страсть и тот интерес, что были у нас в самом начале?",Эскалация,Средняя,Грусть,Разочарование,Секс
"Я сегодня окончательно осознала, что была неправа, когда так сильно тебя ревновала. Спасибо за твоё безграничное терпение и за то, что ты всё еще рядом.",Разрешение,Средняя,Социальные,Осознание,Ревность
"Почему ты опять распорядился нашими общими выходными, не спросив моего мнения? Я не твоя тень, я полноценный человек и имею законное право голоса!",Инцидент,Средняя,Гнев,Неодобрение,Контроль
"Убирайся прочь из дома, я больше не верю ни единому твоему слову после того видео! Ты предал меня и разрушил всё, что мы строили десять лет!",Пик,Высокая,Гнев,Злость,Ревность
"Я сегодня понял, что зря спорил с тобой по поводу выбора школы для нашего сына. Ты действительно лучше чувствуешь, что ему нужно для счастья сейчас.",Разрешение,Низкая,Социальные,Эмпатия,Дети
"Мне очень больно, когда ты игнорируешь мои просьбы о помощи по уборке нашей квартиры. Я чувствую себя твоей бесплатной прислугой, а не любимой женщиной.",Инцидент,Средняя,Грусть,Обида,Быт
"Мне страшно, когда ты начинаешь кричать и хлопать дверями из-за всякой ерунды. Я больше не чувствую себя в безопасности рядом с тобой в такие моменты.",Инцидент,Высокая,Страх,Страх,Личность
"Ты постоянно сравниваешь меня со своей бывшей, и это просто невыносимо больше терпеть. Я — другой человек, прими это наконец или уходи к ней обратно!",Эскалация,Средняя,Гнев,Неодобрение,Личность
"Я просто не узнаю тебя в последнее время, ты стал таким злым и грубым со мной. Куда делся тот нежный человек, которого я когда-то полюбила?",Инцидент,Средняя,Грусть,Горе/Грусть,Личность
"Опять ты потратила огромную сумму на ерунду, хотя мы копим на наш общий отпуск. Неужели твои мимолетные хотелки и косметика важнее нашего летнего отдыха?",Предконфликтная,Низкая,Гнев,Раздражение,Деньги
"Я видела твое сообщение от той девицы в три часа ночи, не смей мне нагло лгать в глаза! Это подлое предательство, которое я никогда не смогу простить.",Пик,Высокая,Гнев,Злость,Ревность
Ты опять пообещала помочь мне с уборкой в гараже и просто уехала к своей лучшей подруге. Твоя необязательность в делах нашего дома меня просто доводит до отчаяния.,Инцидент,Средняя,Грусть,Разочарование,Друзья
"Твои вечные упреки в том, что я плохой и невнимательный отец, заставляют меня чувствовать себя неудачником. Зачем ты так поступаешь со мной, если любишь?",Эскалация,Средняя,Грусть,Обида,Дети
"Почему ты опять не убрал за собой крошки на столе, хотя я просила об этом десять раз? Это мелочь, но из таких мелочей складывается моё раздражение.",Предконфликтная,Низкая,Гнев,Раздражение,Быт
"Ты весь вечер промолчал, уткнувшись в телевизор, пока я пыталась рассказать о своем дне. Мне кажется, я для тебя просто пустое место в этой комнате.",Инцидент,Средняя,Грусть,Обида,Внимание
"Как ты мог спустить всю нашу заначку на эту ерунду, даже не посоветовавшись со мной?! Нам теперь нечем платить за аренду, ты вообще об этом думал?!",Эскалация,Высокая,Гнев,Злость,Деньги
"Убирайся прочь из дома, я больше не верю ни единому твоему лживому обещанию! Твоё предательство разрушило всё, что мы строили годами!",Пик,Высокая,Гнев,Злость,Ревность
"Я был не прав вчера, когда накричал на тебя из-за той разбитой тарелки. Прости меня, я просто очень устал и сорвался на самом близком человеке.",Разрешение,Средняя,Социальные,Раскаяние,Быт
"Твоя мама опять приедет без предупреждения на все выходные, не спросив нашего мнения. Мне кажется, в этом доме у нас вообще нет личного пространства.",Предконфликтная,Низкая,Гнев,Неодобрение,Родня
"Ты стал совсем мало времени проводить с детьми, они тебя почти не видят из-за твоих танков. Мне очень горько за них, им нужен отец, а не сосед.",Инцидент,Средняя,Грусть,Разочарование,Дети
"Я чувствую, как мы отдаляемся всё больше из-за отсутствия нормальной близости. Ты даже не пытаешься меня обнять, и мне от этого просто невыносимо страшно.",Эскалация,Средняя,Страх,Напряжение/Нервозность,Секс
"Хватит за мной следить и проверять мои контакты, я имею право на личную жизнь! Твой контроль делает меня просто сумасшедшей, я ухожу!",Пик,Высокая,Гнев,Злость,Контроль
"Я так рада, что мы смогли найти общий язык по поводу нашего будущего дома. Оказывается, мы можем договариваться, если просто сядем и выслушаем друг друга.",Разрешение,Средняя,Позитив,Облегчение,Быт
"Ты даже не заметил, что я сменила прическу и купила новое платье для нашего вечера. Похоже, тебе совсем наплевать на то, как я выгляжу для тебя.",Инцидент,Средняя,Грусть,Обида,Внимание
"Почему ты вечно лезешь со своими советами к моим родителям, они сами разберутся?! Твоё вмешательство в мои семейные дела просто выводит меня из себя!",Эскалация,Высокая,Гнев,Раздражение,Родня
"Я ненавижу тебя в такие моменты, ты ведешь себя как последний эгоист и тиран! Замолчи и больше не подходи ко мне сегодня!",Пик,Высокая,Гнев,Злость,Личность
"Я сегодня поняла, что зря придиралась к твоим друзьям, они на самом деле хорошие ребята. Прости за мои резкие слова, давай пригласим их в субботу.",Разрешение,Низкая,Социальные,Осознание,Друзья
"Ты постоянно отменяешь наши планы ради работы, даже в мои праздники. Я чувствую себя на самом последнем месте в твоем списке приоритетов.",Инцидент,Средняя,Грусть,Обида,Внимание
"Куда делись деньги с детского счета, ты что, опять их проиграл на ставках?! Я места себе не нахожу от страха за наше завтрашнее существование!",Эскалация,Высокая,Страх,Страх,Деньги
"Уходи сейчас же, я видела твое фото с той девицей из фитнес-клуба! Не смей мне врать в лицо, я подаю на развод немедленно!",Пик,Высокая,Гнев,Злость,Ревность
"Спасибо, что поддержал меня в моем решении уволиться, это было очень смело. Я чувствую твою веру в мои силы, и это дает мне крылья.",Разрешение,Средняя,Позитив,Признательность/Радость,Личность
"Почему ты никогда не берешь трубку, когда я звоню узнать, во сколько ты будешь? Твое игнорирование моих сообщений просто выводит меня из равновесия.",Предконфликтная,Низкая,Гнев,Раздражение,Внимание
Ты опять пообещал помочь сыну с уроками и в итоге ушел спать пораньше. Твоя безответственность просто поражает меня каждый раз.,Инцидент,Средняя,Грусть,Разочарование,Дети
"Проваливай к черту со своей патологической ревностью, ты больной человек! Я не намерена оправдываться за каждый свой взгляд на прохожих!",Пик,Высокая,Гнев,Злость,Ревность
"Я так рада, что мы наконец-то съездили в этот поход и просто побыли вдвоем. Я заново в тебя влюбилась, увидев, какой ты на самом деле заботливый.",Разрешение,Высокая,Позитив,Любовь,Внимание
"Опять в ванной гора твоих разбросанных тюбиков, которые ты никогда не закрываешь. Мелочь, а мне неприятно начинать утро с уборки за тобой.",Предконфликтная,Низкая,Гнев,Раздражение,Быт
"Ты стал очень скрытным в последнее время и постоянно уносишь телефон даже в ванную. Это поведение человека, которому есть что от меня скрывать.",Инцидент,Средняя,Страх,Напряжение/Нервозность,Ревность
"Твои постоянные поучения, как мне общаться с моими родителями, просто невыносимы! Я сама разберусь в своей семье без твоих ценных советов!",Эскалация,Средняя,Гнев,Раздражение,Родня
"Прости, что я вчера так сильно ревновала тебя к коллеге, я была не в себе. Я очень дорожу твоим доверием и постараюсь больше так не делать.",Разрешение,Средняя,Социальные,Раскаяние,Ревность
"Ты обещал, что мы сходим на этот концерт вместе, а в итоге отдал мой билет другу. Мне очень обидно быть для тебя настолько незначительной.",Инцидент,Средняя,Грусть,Обида,Внимание
"Я сегодня поняла, что была слишком холодна после твоей неудачи с тем бизнес-проектом. Прости меня, я сама очень сильно испугалась за нашу стабильность.",Разрешение,Средняя,Социальные,Эмпатия,Деньги
"Хватит контролировать каждую копейку в моем кошельке и требовать чеки за любой поход! Я взрослая женщина, твоя патологическая скупость в деньгах просто душит.",Эскалация,Средняя,Гнев,Раздражение,Деньги
"Убирайся прочь из моей жизни прямо сейчас, я видела запись с твоего регистратора! Ты подлый подонок, предал меня в самый уязвимый момент, прощай навсегда!",Пик,Высокая,Гнев,Злость,Ревность
"Да мне плевать на твои пустые обещания, ты опять просадил все деньги на мебель в казино! Ты совершенно безответственный человек, для которого азарт важнее дома!",Пик,Высокая,Гнев,Злость,Деньги
"Опять ты оставил грязную сковородку на плите, хотя я просила помыть её сразу. Ну сколько можно игнорировать мои просьбы о минимальном порядке в доме?",Предконфликтная,Низкая,Гнев,Раздражение,Быт
"Ты весь вечер просидел в телефоне, пока я пыталась обсудить наши планы на отпуск. У меня такое чувство, что я со стенкой разговариваю, а не с мужем.",Инцидент,Средняя,Грусть,Обида,Внимание
"Как ты мог спустить все наши сбережения на этот дурацкий тюнинг машины, не спросив меня?! Мы же копили эти деньги на ремонт в детской комнате!",Эскалация,Высокая,Гнев,Злость,Деньги
"Убирайся прочь, я видела твое сообщение от той девицы из бара сегодня утром! Ты подлый изменник, и я не хочу больше иметь с тобой ничего общего!",Пик,Высокая,Гнев,Злость,Ревность
"Я был не прав насчет твоего решения сменить работу, прости меня за эгоизм. Давай вместе подумаем, как нам перестроить бюджет на первое время твоей учебы.",Разрешение,Средняя,Социальные,Раскаяние,Личность
Твои родственники опять планируют приехать без спроса на все праздники сразу. Почему ты никогда не защищаешь наше право на спокойный отдых вдвоем в доме?,Предконфликтная,Низкая,Гнев,Неодобрение,Родня
"Ты стал совсем мало времени проводить с сыном, он по тебе очень скучает днем. Мне горько видеть, как твои танки заменяют тебе общение с собственным ребенком.",Инцидент,Средняя,Грусть,Разочарование,Дети
"Наша интимная жизнь превратилась в какую-то механическую обязанность раз в неделю. Мне страшно, что мы теряем ту духовную связь, которая была у нас вначале.",Эскалация,Средняя,Страх,Напряжение/Нервозность,Секс
"Хватит за мной следить и проверять мои переписки, я не твоя собственность и не рабыня! Твой тотальный контроль просто убивает во мне всякое желание быть рядом!",Пик,Высокая,Гнев,Злость,Контроль
"Я так рада, что мы смогли обсудить наши финансовые страхи без криков и взаимных упреков. Мне стало гораздо спокойнее смотреть в наше общее завтра после этого разговора.",Разрешение,Средняя,Позитив,Облегчение,Деньги
"Опять в раковине гора посуды, хотя сегодня твоя очередь наводить порядок на кухне. Неужели так сложно потратить десять минут, чтобы мне не пришлось убирать ночью?",Предконфликтная,Низкая,Гнев,Раздражение,Быт
"Как ты мог обсудить наши личные отношения со своей матерью за моей спиной сегодня?! Это предательство нашего доверия, и я просто в ярости от твоего поступка!",Эскалация,Высокая,Гнев,Неодобрение,Родня
"Замолчи и уходи сейчас же, я больше не верю ни единому твоему лживому слову! Ты разрушил наше счастье своим постоянным враньем и мелкими секретами!",Пик,Высокая,Гнев,Злость,Личность
"Знаешь, я сегодня поняла, что зря подозревала тебя во всех грехах из-за той задержки. Я очень ценю твое терпение ко мне и то, что ты всё еще рядом со мной.",Разрешение,Низкая,Социальные,Осознание,Ревность
"Твои друзья опять устроили погром в гостиной, а убирать всё должна я одна после смены. Почему ты никогда не просишь их вести себя приличнее в гостях?",Предконфликтная,Низкая,Гнев,Неодобрение,Друзья
"Я боюсь, что из-за твоего вечного молчания по вечерам мы скоро совсем расстанемся. Это безразличие убивает меня изнутри гораздо сильнее, чем любая открытая ссора.",Эскалация,Средняя,Страх,Напряжение/Нервозность,Личность
"Пошел ты к черту со своими правилами воспитания, я мать и я лучше знаю ребенка! Твой вечный контроль уже переходит все границы моего адского терпения!",Пик,Высокая,Гнев,Злость,Дети
"Спасибо, что приготовил сегодня завтрак и дал мне выспаться в мой выходной день. Мне было так приятно почувствовать твою заботу и помощь в кои-то веки.",Разрешение,Средняя,Позитив,Признательность/Радость,Быт
Твое нежелание даже попробовать поискать работу — это предел моей женской наглости! Я устала тянуть весь наш быт и бюджет на своих плечах в одиночку!,Эскалация,Высокая,Гнев,Злость,Деньги
"Убирайся прочь, я видела твою переписку с той девицей из твоего отдела вчера! Ты подлый изменник, и я больше не хочу иметь с тобой ничего общего в жизни!",Пик,Высокая,Гнев,Злость,Ревность
"Я сегодня окончательно понял, что был не прав по поводу твоих желаний сменить сферу. Давай попробуем найти выход вместе, я готов поддержать тебя в любом риске.",Разрешение,Средняя,Социальные,Эмпатия,Личность
Опять ты потратила отложенные на отпуск деньги на какую-то очередную косметику в сети. Неужели твои мимолетные хотелки важнее нашего общего летнего отдыха на море?,Предконфликтная,Низкая,Гнев,Раздражение,Деньги
"Мне неприятно, когда ты обсуждаешь мои недостатки со своими родителями по видеосвязи. Это прямое предательство нашего доверия, и мне бесконечно больно от твоего отношения.",Инцидент,Средняя,Гнев,Неодобрение,Родня
"Как же я рада, что мы смогли найти силы простить друг друга после того кошмара. Я очень дорожу тобой и нашей семьей, спасибо тебе огромное за то, что ты рядом.",Разрешение,Высокая,Позитив,Любовь,Личность
"Да мне наплевать, что ты там себе возомнила, я буду делать то, что считаю нужным! Твой контроль меня уже достал, просто отвали от меня со своими советами!",Пик,Высокая,Гнев,Злость,Контроль
"Твои друзья опять устроили в доме погром, а убирать всё должна я одна в ночи. Это просто полное неуважение к моему труду и нашему общему покою в доме.",Инцидент,Средняя,Гнев,Раздражение,Друзья
"Ты обещал, что мы сходим на прогулку в субботу, и опять всё отменил из-за гаража. Мои чувства и планы для тебя явно на самом последнем месте после друзей.",Инцидент,Средняя,Грусть,Обида,Внимание
"Ты сегодня была такой нежной и внимательной ко мне утром, спасибо тебе за этот вечер. Я очень ценю такие редкие моменты спокойствия и гармонии в нашем доме.",Разрешение,Средняя,Позитив,Забота,Внимание
Опять ты потратил деньги из «подушки безопасности» на свои видеоигры без моего спроса. Ты когда-нибудь начнешь думать о нашей общей финансовой стабильности и будущем?,Предконфликтная,Низкая,Гнев,Неодобрение,Деньги
"Я чувствую, что ты меня совсем не слышишь и даже не пытаешься понять мою позицию. Мы просто топчемся на месте в этих бесконечных скандалах и взаимных упреках.",Эскалация,Средняя,Грусть,Разочарование,Личность
"Да пошла ты со своими правилами, я буду делать в этом доме только то, что я хочу! Твой вечный контроль меня уже достал до самых печенок, отвали от меня!",Пик,Высокая,Гнев,Злость,Контроль
"Как ты мог спустить все деньги, отложенные на ремонт ванной, на свои дурацкие авантюры?! Нам теперь жить в этом разгроме еще целый год из-за твоего эгоизма!",Эскалация,Высокая,Гнев,Злость,Деньги
"Хватит орать на сына из-за каждой мелочи, ты его просто запугал до истерики своими криками! Если не можешь сдержаться — уходи из этой комнаты немедленно!",Пик,Высокая,Гнев,Злость,Дети
"Прости, что я была такой резкой вчера вечером, я просто очень сильно переутомилась. Давай попробуем спокойно всё обсудить за ужином и наконец-то помиримся сегодня.",Разрешение,Средняя,Социальные,Раскаяние,Личность
"Твои друзья опять собираются у нас без предупреждения, а я мечтала о тишине и книге. Почему ты никогда не спрашиваешь моего согласия перед тем, как звать толпу?",Предконфликтная,Низкая,Гнев,Неодобрение,Друзья
"Твоя мама снова прислала список советов, как мне одеваться и вести себя с тобой в гостях. Я чувствую себя под постоянным надзором и прицелом в нашей семье.",Инцидент,Средняя,Гнев,Раздражение,Родня
"Знаешь, я сегодня поняла, что была слишком сурова к тебе из-за того беспорядка в гараже вчера. Давай я помогу тебе, и мы всё быстро уберем вместе в эту субботу утром.",Разрешение,Низкая,Социальные,Осознание,Быт
"Ты опять проверяешь мои лайки в соцсетях, это уже похоже на какую-то болезненную паранойю. Дай мне хоть каплю личного пространства и элементарного доверия в браке!",Предконфликтная,Средняя,Гнев,Раздражение,Контроль
"Пошел вон из дома, я больше не верю ни одному твоему слову после того видео из кафе! На этом наши отношения закончены навсегда, собирай свои манатки сейчас же!",Пик,Высокая,Гнев,Злость,Ревность
"Я так рада, что мы наконец-то поговорили без криков и взаимных обвинений сегодня вечером. Мне стало намного легче на душе, спасибо тебе за этот честный и трудный разговор.",Разрешение,Высокая,Позитив,Облегчение,Личность
"Ты опять пообещал забрать детей из школы и просто «забыл» об этом, сидя в офисе допоздна. Неужели тебе настолько наплевать на их чувства и моё личное время?",Инцидент,Средняя,Грусть,Разочарование,Дети
Твои придирки к моей новой работе заставляют меня чувствовать себя полной неудачницей в жизни. Почему ты не можешь просто поддержать меня в моих первых достижениях?,Эскалация,Средняя,Грусть,Обида,Личность
"Мне так страшно, что из-за твоих долгов мы потеряем квартиру и всё, что строили годами. Я места себе не нахожу от постоянной тревоги за наше общее будущее и детей.",Предконфликтная,Средняя,Страх,Напряжение/Нервозность,Деньги
"Это просто чудо, что мы смогли всё решить мирно и не разойтись после того жуткого скандала. Я очень тебя люблю и искренне верю в наше светлое будущее и любовь.",Разрешение,Высокая,Позитив,Любовь,Личность
"Почему твои друзья позволяют себе такие шутки в мой адрес прямо при тебе за столом? Ты должен был меня защитить сразу, а не сидеть и молча улыбаться им в ответ!",Инцидент,Средняя,Гнев,Обида,Друзья
"Опять ты не купил хлеб по дороге, хотя я напоминала тебе об этом трижды в сообщениях сегодня. Мне кажется, ты делаешь это специально, чтобы позлить меня в конце тяжелого дня.",Предконфликтная,Низкая,Гнев,Раздражение,Быт
"Я ненавижу твою мать за то, что она постоянно лезет в нашу жизнь и наши личные отношения! Либо ты ставишь ей рамки, либо я ухожу прямо сейчас из этой квартиры!",Пик,Высокая,Гнев,Злость,Родня
"Спасибо, что поддержал меня перед начальством на корпоративе вчера, это было очень важно. Я чувствую, что мы одна команда, и это дает мне сил бороться за нас дальше.",Разрешение,Средняя,Позитив,Признательность/Радость,Личность
"Ты опять задержался без предупреждения, а я готовила праздничный ужин к нашему юбилею. Твое равнодушие к моим стараниям просто убивает все мои добрые чувства к тебе.",Предконфликтная,Низкая,Грусть,Обида,Внимание
"Я очень переживаю за твое здоровье, а ты куришь одну сигарету за другой в этом жутком стрессе. Пожалуйста, подумай о нас и о детях, нам страшно тебя потерять так внезапно.",Инцидент,Средняя,Страх,Напряжение/Нервозность,Личность
"Я вижу, как ты стараешься ради нашей семьи на новой работе, и я очень ценю это сейчас. Давай забудем все старые обиды и начнем всё с чистого листа прямо с сегодняшнего дня.",Разрешение,Средняя,Позитив,Оптимизм,Деньги
"Какого черта ты опять пригласила своего брата пожить у нас без моего спроса в однушке?! Это наш общий дом, и я требую уважения к своему покою и элементарной тишине!",Пик,Высокая,Гнев,Злость,Родня
"Прости за мою беспочвенную ревность вчера, я просто очень сильно боюсь тебя потерять навсегда. Я буду работать над своим доверием к тебе, обещаю быть гораздо спокойнее в будущем.",Разрешение,Средняя,Социальные,Раскаяние,Ревность
"Ты постоянно отменяешь наши встречи ради друзей и дешевого пива, это очень обидно для меня. Я чувствую себя на самом последнем месте в твоей жизни после всех твоих приятелей.",Инцидент,Средняя,Грусть,Обида,Друзья
"Я боюсь, что наше охлаждение в сексе в итоге приведет к нашему полному и болезненному разрыву. Давай попробуем что-то изменить вместе, пока мы совсем не стали чужими в постели.",Эскалация,Средняя,Страх,Напряжение/Нервозность,Секс
"Да мне плевать, что ты там думаешь о моих подругах, я буду общаться с кем я хочу! Твой контроль уже переходит все разумные и законные границы моего терпения!",Пик,Высокая,Гнев,Злость,Контроль
"Твои друзья опять оставили в доме дикий бардак, а убирать всё должна я одна после смены. Это просто неуважение к моему труду, покою и нашему общему и маленькому дому!",Инцидент,Средняя,Гнев,Неодобрение,Друзья
"Я чувствую, что мы тонем в бытовухе и совсем перестали искренне радоваться друг другу по вечерам. Где та легкость и тот смех, которые были у нас в самом начале нашей жизни?",Эскалация,Средняя,Грусть,Горе/Грусть,Личность
"Я сегодня поняла, что была неправа, когда критиковала твое отношение к воспитанию сына. Ты действительно стараешься быть хорошим и любящим отцом для наших детей в меру сил.",Разрешение,Средняя,Социальные,Эмпатия,Дети
"Да заткнись ты уже про свои неглаженные рубашки, у меня своих дел по горло в этом офисе! С этого дня стираешь и гладишь себе все свои вещи сам, я больше не твоя прислуга!",Пик,Высокая,Гнев,Злость,Быт
"Опять ты не вынес мусор, хотя обещал это сделать еще утром. Ну сколько можно напоминать о таких мелочах?",Предконфликтная,Низкая,Гнев,Раздражение,Быт
"Ты весь вечер смотрел в телевизор и даже не заметил, что я расстроена. Мне очень обидно, что мои чувства для тебя ничего не значат.",Инцидент,Средняя,Грусть,Обида,Внимание
Ты опять потратил наши последние деньги на какую-то ерунду! Нам теперь до зарплаты буквально не на что покупать продукты!,Эскалация,Высокая,Гнев,Злость,Деньги
"Да хватит меня контролировать, я не твоя собственность и не ребенок! С меня хватит этого надзора, я ухожу!",Пик,Высокая,Гнев,Злость,Контроль
"Знаешь, я сегодня поняла, что была неправа, когда критиковала твое хобби. Ты действительно отдыхаешь душой, и я должна это уважать.",Разрешение,Средняя,Социальные,Осознание,Личность
"Твои друзья опять хотят прийти к нам в субботу без предупреждения. Почему ты никогда не спрашиваешь, готова ли я принимать гостей?",Предконфликтная,Низкая,Гнев,Неодобрение,Друзья
Твоя мама снова прислала список замечаний к моей готовке. Я чувствую себя под постоянным прицелом и очень разочарована твоим молчанием.,Инцидент,Средняя,Грусть,Разочарование,Родня
"Мы уже месяц живем как соседи, ты даже не пытаешься меня обнять. У меня такое чувство, что я тебя больше совсем не привлекаю.",Эскалация,Средняя,Грусть,Горе/Грусть,Секс
"Убирайся к своей «коллеге», я видела все ваши ночные переписки! Ты разрушил наше доверие, и прощения тебе не будет!",Пик,Высокая,Гнев,Злость,Ревность
"Я так рада, что мы смогли обсудить наш бюджет без криков. Оказывается, мы можем договариваться, если просто сядем и посчитаем всё вместе.",Разрешение,Низкая,Позитив,Оптимизм,Деньги
"Опять ты поменял настройки в моем компьютере, хотя я просила ничего не трогать. Это жутко раздражает, теперь мне всё заново переделывать.",Предконфликтная,Низкая,Гнев,Раздражение,Контроль
"Ребенок плачет уже полчаса, а ты даже не подошел к нему. Неужели тебе всё равно на его состояние и мои просьбы о помощи?",Инцидент,Средняя,Грусть,Обида,Дети
"Если ты еще раз пообещаешь и не сделаешь, я просто перестану с тобой разговаривать! Твоя необязательность доводит меня до исступления!",Эскалация,Высокая,Гнев,Злость,Личность
"Проваливай к черту, я больше не верю ни единому твоему обещанию! Ты лжец и всегда им был, ненавижу тебя!",Пик,Высокая,Гнев,Злость,Личность
"Прости за мой вчерашний срыв, я действительно была не в себе из-за стресса. Давай просто обнимемся и проведем этот вечер в тишине.",Разрешение,Средняя,Социальные,Раскаяние,Личность
"Твои друзья опять курят на балконе, и весь дым идет в спальню. Я просила их так не делать, но ты даже не поддержал меня.",Предконфликтная,Средняя,Гнев,Неодобрение,Друзья
"Я случайно увидела сообщение от твоей бывшей на твоем экране. У меня внутри всё похолодело, почему ты до сих пор с ней общаешься?",Инцидент,Высокая,Страх,Страх,Ревность
"Хватит попрекать меня каждой копейкой, я тоже работаю и вношу вклад в наш дом! Твоя жадность просто убивает во мне всякое желание заботиться о тебе.",Эскалация,Средняя,Гнев,Раздражение,Деньги
"Мне страшно находиться с тобой в одной квартире, когда ты так орешь и бьешь посуду! Я боюсь за себя и за детей, остановись!",Пик,Высокая,Страх,Страх,Личность
"Спасибо, что поддержал меня перед своей мамой, это было очень важно. Я наконец-то почувствовала, что ты на моей стороне.",Разрешение,Средняя,Позитив,Признательность/Радость,Родня
"Опять в раковине гора посуды, хотя сегодня была твоя очередь. Ну сколько можно игнорировать наши договоренности по дому?",Предконфликтная,Низкая,Гнев,Раздражение,Быт
"Ты опять всё время на ужине просидел в телефоне, переписываясь с кем-то. Мне было очень одиноко за этим столом рядом с тобой.",Инцидент,Средняя,Грусть,Обида,Внимание
"Знаешь, я сегодня понял, что был слишком строг к сыну из-за его оценок. Ты была права, главное — его счастье, а не дневник.",Разрешение,Низкая,Социальные,Осознание,Дети
"Твоя мама опять звонит по видеосвязи во время нашего ужина. Пожалуйста, попроси её уважать наше личное время хотя бы вечером.",Предконфликтная,Низкая,Гнев,Неодобрение,Родня
"Ты стал очень скрытным и ставишь пароли на все приложения. Это поведение человека, которому есть что скрывать от самого близкого.",Инцидент,Средняя,Страх,Напряжение/Нервозность,Ревность
"Я боюсь, что из-за наших вечных споров о деньгах мы просто разведемся. Мы перестали радоваться жизни, обсуждая только чеки и счета.",Эскалация,Средняя,Страх,Страх,Деньги
"Да заткнись ты уже про свою ревность, я просто стояла и разговаривала с соседом! Твоя паранойя сводит меня с ума, отстань!",Пик,Высокая,Гнев,Злость,Ревность
"Я так рада, что мы смогли найти в себе силы простить друг друга после всего. Ты самый дорогой мне человек, я люблю тебя.",Разрешение,Высокая,Позитив,Любовь,Личность
"Ты обещал, что мы сходим в кино, а в итоге опять остался на работе допоздна. Мои планы и чувства для тебя явно на последнем месте.",Инцидент,Средняя,Грусть,Обида,Внимание
"Твои постоянные поучения, как мне водить машину, просто доводят меня до истерики! Если тебе так страшно — садись за руль сам!",Эскалация,Средняя,Гнев,Раздражение,Контроль
"Пошел вон, я больше не верю ни единому твоему обещанию после того вранья! Ты предал меня и разрушил наше будущее!",Пик,Высокая,Гнев,Злость,Ревность
"Я сегодня окончательно осознала, что была неправа, когда запрещала тебе видеться с друзьями. Тебе тоже нужно пространство, прости.",Разрешение,Низкая,Социальные,Осознание,Друзья
"Ты совсем перестал уделять внимание детям, они тебя почти не видят. Мне очень больно за них, им нужен отец, а не призрак в доме.",Инцидент,Средняя,Грусть,Разочарование,Дети
"Я так рада, что мы смогли обсудить наши страхи без криков и взаимных упреков. Мне стало гораздо легче дышать после этого разговора.",Разрешение,Высокая,Позитив,Облегчение,Личность
"Почему ты опять не закрыл тюбик с пастой? Вроде мелочь, но я постоянно должна убирать эти засохшие ошметки за тобой каждое утро.",Предконфликтная,Низкая,Гнев,Раздражение,Быт
Ты весь вечер молчал и даже не поздоровался с моими родителями нормально. Мне было очень стыдно за твое поведение перед самыми близкими людьми.,Инцидент,Средняя,Грусть,Обида,Родня
"Какого черта ты распорядился нашими накоплениями, не спросив моего мнения?! Ты вообще понимаешь, что это наши общие деньги на ремонт кухни?",Эскалация,Высокая,Гнев,Злость,Деньги
"Убирайся прочь, я больше не верю ни единому твоему лживому слову! Ты предал меня и детей, и я не хочу тебя больше знать, уходи!",Пик,Высокая,Гнев,Злость,Ревность
"Знаешь, я был не прав, когда сорвался на тебя из-за той разбитой вазы. Это всего лишь вещь, а наши отношения гораздо важнее, прости меня.",Разрешение,Средняя,Социальные,Раскаяние,Быт
Твои друзья опять собираются у нас в субботу без предупреждения? Почему ты никогда не считаешься с моим желанием просто отдохнуть в тишине?,Предконфликтная,Низкая,Гнев,Неодобрение,Друзья
"Ты стал совсем мало времени проводить с сыном, он тебя почти не видит из-за работы. Мне горько наблюдать, как он ждет тебя у окна каждый вечер.",Инцидент,Средняя,Грусть,Разочарование,Дети
"Я боюсь, что наша интимная жизнь совсем сошла на нет, и мы превращаемся в просто сожителей. Нам нужно что-то менять, пока не стало слишком поздно.",Эскалация,Средняя,Страх,Напряжение/Нервозность,Секс
Хватит меня контролировать и спрашивать чеки за каждый поход в магазин! Я не твоя собственность и имею право распоряжаться деньгами самостоятельно!,Пик,Высокая,Гнев,Злость,Контроль
"Я так рада, что мы смогли обсудить наши планы на будущее без криков и слез. Это дает мне надежду, что мы всё-таки справимся со всеми трудностями.",Разрешение,Низкая,Позитив,Оптимизм,Личность
"Опять ты оставил грязную сковородку на плите, хотя обещал помыть её сразу после обеда. Мне кажется, мои просьбы для тебя вообще ничего не значат.",Предконфликтная,Низкая,Гнев,Раздражение,Быт
"Ты весь вечер просидел в телефоне, пока я пыталась рассказать тебе о своих проблемах на работе. Твое равнодушие ранит меня сильнее, чем любая открытая ссора.",Инцидент,Средняя,Грусть,Обида,Внимание
"Куда ушли деньги с кредитки, почему ты тратишь их без всякого согласования со мной?! Это предел безответственности, мы же планировали закрыть этот долг!",Эскалация,Высокая,Гнев,Злость,Деньги
"Да пошел ты, я видела твою переписку с той девицей из офиса! Не смей мне врать в лицо, между нами всё кончено навсегда!",Пик,Высокая,Гнев,Злость,Ревность
"Я сегодня поняла, что была слишком сурова к тебе из-за того беспорядка в прихожей. Давай просто вместе всё уберем и не будем больше из-за этого ругаться.",Разрешение,Низкая,Социальные,Осознание,Быт
"Почему твоя мама считает нормальным входить в нашу квартиру своим ключом без звонка? Пожалуйста, установи для нее границы, иначе я просто сменю все замки!",Предконфликтная,Средняя,Гнев,Неодобрение,Родня
"Твои друзья опять оставили гору пустых бутылок в гостиной, а мне всё это убирать. Это полное неуважение к моему труду и нашему общему дому!",Инцидент,Средняя,Гнев,Раздражение,Друзья
"Я боюсь, что из-за твоего воспитания дочь вырастет неуверенной в себе и запуганной. Твои постоянные окрики и запреты пугают даже меня в этом доме!",Эскалация,Высокая,Страх,Страх,Дети
"Я ненавижу твой эгоизм и твою привычку всегда считать себя правым во всём! Ты просто невыносимый человек, с которым невозможно нормально разговаривать!",Пик,Высокая,Гнев,Злость,Личность
"Спасибо за то, что приготовил сегодня ужин и дал мне отдохнуть после тяжелого дня. Мне было очень приятно почувствовать твою заботу и искреннюю поддержку.",Разрешение,Средняя,Позитив,Забота,Быт
"Ты обещал, что мы сходим в парк, а в итоге опять проспал весь выходной. Мои желания и наше совместное время для тебя явно на последнем месте.",Инцидент,Средняя,Грусть,Обида,Внимание
Твои постоянные придирки к моей внешности просто выбивают меня из колеи на весь день. Зачем ты пытаешься меня переделать под какой-то свой надуманный идеал?,Эскалация,Средняя,Гнев,Раздражение,Личность
"Проваливай к своей идеальной мамочке, раз она всё делает лучше меня в этом мире! Я больше не намерена терпеть твои вечные сравнения и претензии!",Пик,Высокая,Гнев,Злость,Родня
"Я сегодня осознал, что был не прав, когда запрещал тебе ехать в ту поездку с коллегами. Ты свободный человек, и я должен больше доверять тебе в отношениях.",Разрешение,Средняя,Социальные,Осознание,Личность
"Мне кажется, ты уделяешь своим компьютерным играм гораздо больше времени, чем нашей семье. Дети скоро перестанут тебя узнавать, если ты не оторвешься от экрана.",Предконфликтная,Низкая,Грусть,Обида,Дети
"Твой вечный контроль над моим телефоном становится просто удушающим и невыносимым для меня. Я не твоя собственность, и я имею право на свою личную переписку!",Инцидент,Средняя,Гнев,Раздражение,Контроль
"Я боюсь, что наше охлаждение в общении приведет к тому, что мы окончательно станем чужими. Мы совсем перестали делиться друг с другом важными и личными вещами.",Эскалация,Средняя,Страх,Напряжение/Нервозность,Внимание
"Как же хорошо, что мы наконец-то просто обнялись и забыли все те глупые обиды. Я очень люблю тебя и верю, что мы всё сможем преодолеть вдвоем.",Разрешение,Высокая,Позитив,Любовь,Личность
"Опять ты забыл выключить свет в коридоре, хотя я просила экономить электроэнергию. Твоя невнимательность к таким мелочам меня иногда просто выводит из равновесия.",Предконфликтная,Низкая,Гнев,Раздражение,Быт
"Почему ты никогда не даришь мне цветы просто так, без повода и моих напоминаний? Мне очень больно осознавать, что вся былая романтика в отношениях окончательно испарилась.",Инцидент,Средняя,Грусть,Обида,Внимание
"Да мне плевать на твои пустые обещания, ты опять просадил все деньги на эти игры! Ты безответственный эгоист, и я не хочу больше иметь с тобой ничего общего!",Пик,Высокая,Гнев,Злость,Деньги
"Я сегодня поняла, что была неоправданно строга к тебе из-за того пустяка с уборкой. Главное — это наше спокойствие, а посуду мы можем помыть и завтра вместе.",Разрешение,Низкая,Социальные,Раскаяние,Быт
Я просто хочу тишины и чтобы меня никто не трогал хотя бы пару часов сегодня вечером. Вся эта ситуация с нашими вечными ссорами вымотала меня морально до самого дна.,Предконфликтная,Низкая,Нейтральные,Нейтральность,Личность
"Как же я счастлив, что мы смогли найти в себе мудрость простить друг друга за всё. Ты самая замечательная женщина, и я бесконечно благодарен судьбе за нашу встречу.",Разрешение,Высокая,Позитив,Любовь,Личность
"Какого черта ты опять обсуждаешь наши финансовые трудности со своей матерью по телефону?! Это наше личное дело, и я категорически против такой откровенности с твоей родней.",Эскалация,Высокая,Гнев,Неодобрение,Родня
"Я заметила, что ты стала ставить сложные пароли на все мессенджеры в своем телефоне. Это типичное поведение мужчины, который явно что-то скрывает от своей законной жены.",Инцидент,Высокая,Страх,Страх,Ревность
"Хватит орать на меня из-за того, что я купила новые игрушки ребенку без твоего согласия! Это предметы первой необходимости для его развития, и я имею на это право!",Эскалация,Средняя,Гнев,Раздражение,Деньги
"Я просто хочу, чтобы ты меня крепко обнял и ничего не спрашивал, мне страшно за нашу любовь. Все эти крики кажутся такими ничтожными перед реальной угрозой нашего разрыва.",Инцидент,Высокая,Страх,Напряжение/Нервозность,Личность
"Спасибо, что поддержал меня в моем смелом решении начать свой маленький бизнес. Твоя непоколебимая вера в мой успех придала мне сил справиться со всеми первыми преградами.",Разрешение,Средняя,Позитив,Признательность/Радость,Деньги
"Я сегодня осознала, что зря ревновала тебя к той новой секретарше в офисе вчера днем. Прости за мои глупые сцены, давай забудем этот инцидент и насладимся вечером вдвоем.",Разрешение,Средняя,Социальные,Раскаяние,Ревность
"Я заметил, что ты стала часто задерживаться на работе и возвращаться домой в приподнятом настроении. Это подозрительно выглядит со стороны, у меня закрадываются мысли о неверности.",Инцидент,Высокая,Страх,Страх,Внимание
"Спасибо, что поддержала меня перед моими строгими родителями сегодня, это было очень важно. Я знаю, как тебе непросто с ними, но ты проявила выдержку и истинный такт.",Разрешение,Средняя,Позитив,Признательность/Радость,Родня
"Опять ты оставил открытым окно в спальне настежь, хотя я просила закрывать его перед уходом. Теперь в комнате жуткий сквозняк, а у меня и так начинается простуда.",Предконфликтная,Низкая,Гнев,Раздражение,Быт
"Ты весь вечер промолчал на празднике у моих друзей, выставив меня в нелепом свете перед всеми. Мне было очень обидно чувствовать твою холодность в такой важный для меня момент.",Инцидент,Средняя,Грусть,Обида,Друзья
"Какого черта ты распорядился нашими общими билетами на концерт, отдав их своему брату без спроса?! Это было моё единственное желание на эти выходные, а ты его просто проигнорировал!",Эскалация,Высокая,Гнев,Злость,Родня
"Убирайся вон из дома прямо сейчас, я видела твое фото с той девицей из кафе сегодня утром! Не смей мне врать, что это была «просто знакомая», между нами всё кончено навсегда!",Пик,Высокая,Гнев,Злость,Ревность
"Прости за мою вчерашнюю резкость по поводу твоей зарплаты, я была не в себе от стресса на работе. Я ценю всё, что ты делаешь для нас, и постараюсь впредь быть мудрее и сдержаннее.",Разрешение,Средняя,Социальные,Раскаяние,Деньги
"Твоя мама опять прислала список вещей, которые нам «необходимо» купить для дома в эти выходные. Почему она всегда решает за нас, на что нам тратить деньги и время?",Предконфликтная,Низкая,Гнев,Неодобрение,Родня
"Ты стал совсем мало времени проводить с дочкой, она постоянно спрашивает, когда папа поиграет с ней. Мне горько видеть, как твоя работа заменяет тебе общение с собственным ребенком.",Инцидент,Средняя,Грусть,Разочарование,Дети
"Наша близость превратилась в какую-то скучную обязанность, и ты даже не пытаешься проявить хоть каплю нежности. Я чувствую, что мы стремительно отдаляемся друг от друга в этой рутине.",Эскалация,Средняя,Страх,Напряжение/Нервозность,Секс
"Я так рада, что мы смогли обсудить наши финансовые цели без криков и взаимных упреков сегодня. Это дает мне надежду, что мы сможем преодолеть этот кризис и стать сильнее как пара.",Разрешение,Низкая,Позитив,Оптимизм,Деньги
"Опять ты не помыл за собой миску за котом, хотя это твоя единственная обязанность по дому на сегодня. Вся кухня пропахла этим кормом, и мне приходится убирать это сразу после работы.",Предконфликтная,Низкая,Гнев,Раздражение,Быт
"Ты весь вечер промолчал во время обсуждения нашего ремонта, будто тебя это вообще не касается. Твое равнодушие к нашему общему быту меня очень сильно задевает и обижает до слез.",Инцидент,Средняя,Грусть,Обида,Быт
"Почему ты постоянно обсуждаешь мои недостатки со своей матерью за моей спиной по телефону часами? Это предательство нашего союза, и мне бесконечно больно осознавать такое твое отношение.",Эскалация,Средняя,Гнев,Неодобрение,Родня
"Я сегодня окончательно понял, что был не прав по поводу твоих желаний сменить сферу деятельности и уйти из найма. Ты действительно права — жизнь слишком коротка для нелюбимого дела, прости за скепсис.",Разрешение,Средняя,Социальные,Эмпатия,Личность
"Опять ты потратил деньги из отложенных на наш долгожданный отпуск на очередную ерунду для своей машины. Неужели твои железки важнее нашего общего отдыха, о котором мы так мечтали вместе?",Предконфликтная,Низкая,Гнев,Раздражение,Деньги
"Мне очень неприятно, когда ты обсуждаешь мои промахи со своими подругами по телефону в моем присутствии. Это подрывает моё доверие к тебе, и мне больно осознавать, что я для тебя — тема сплетен.",Инцидент,Средняя,Гнев,Неодобрение,Друзья
"Да заткнись ты уже про свои обиды, я буду делать только то, что я считаю нужным в своей жизни! Твой вечный контроль меня уже достал до печенок, просто отстань от меня со своими советами!",Пик,Высокая,Гнев,Злость,Контроль
"Опять ты не убрал за собой остатки еды на столе, и к утру по всей квартире стоит специфический запах. Тебе что, так трудно потратить одну минуту на элементарную чистоту в нашем общем пространстве?",Предконфликтная,Низкая,Гнев,Раздражение,Быт
"Ты обещал, что мы сходим на выставку в эти выходные, а в итоге опять уехал помогать своему другу. Мои желания для тебя всегда на самом последнем месте после просьб твоих многочисленных приятелей.",Инцидент,Средняя,Грусть,Обида,Друзья
"Я заметила, что ты стала удалять все сообщения в мессенджерах и переворачивать телефон экраном вниз. Это типичное поведение человека, который ведет тайную переписку на стороне и боится разоблачения.",Инцидент,Высокая,Страх,Страх,Ревность
"Хватит попрекать меня каждой копейкой, которую я трачу на развивающие занятия для нашего сына! Ты зарабатываешь для семьи, а не для того, чтобы контролировать каждый мой осознанный шаг в воспитании.",Эскалация,Средняя,Гнев,Раздражение,Деньги
"Опять ты не предупредила, что задержишься на своем девичнике, и я два часа ждал тебя с ужином. Моё время и мои нервы тоже чего-то стоят, неужели так сложно отправить мне короткое сообщение?",Предконфликтная,Низкая,Гнев,Раздражение,Внимание
"Я заметил, что ты стала часто задерживаться на своей новой работе и возвращаться домой слишком веселой. Это подозрительно выглядит со стороны, и у меня закрадываются мысли о твоей неверности в последнее время.",Инцидент,Высокая,Страх,Страх,Внимание
"Я сегодня понял, что был слишком категоричен по поводу твоего желания сменить сферу работы и уйти в творчество. Жизнь слишком коротка для нелюбимого дела, и я поддержу тебя в любых твоих новых начинаниях.",Разрешение,Низкая,Позитив,Одобрение,Личность
"Какого черта ты опять обсуждаешь наши семейные неурядицы со своей матерью по видеосвязи в моем присутствии?! Это наше сугубо личное дело, и я категорически против того, чтобы родня знала о каждой нашей размолвке.",Эскалация,Высокая,Гнев,Неодобрение,Родня
"Твои друзья опять оставили гору немытой посуды и стойкий запах дыма в нашей единственной комнате сегодня. Почему ты не можешь попросить их вести себя чуть приличнее в гостях, неужели моё право на покой не важно?",Предконфликтная,Средняя,Гнев,Неодобрение,Друзья
"Я сегодня осознала, что была неоправданно строга к тебе из-за того беспорядка на кухне вчера вечером. Главное — это твое доброе желание меня порадовать своим трудом, а грязную посуду мы помоем вместе.",Разрешение,Низкая,Социальные,Раскаяние,Быт
"Спасибо, что поддержал меня в моем смелом решении начать свой бизнес, несмотря на все финансовые риски для нас. Твоя непоколебимая вера в мой успех придала мне сил справиться со всеми преградами на этом пути.",Разрешение,Средняя,Позитив,Признательность/Радость,Деньги
"Почему ты никогда не даришь мне подарки просто так, я должна сама себе всё покупать или напоминать о праздниках. Мне очень больно осознавать, что вся романтика испарилась из-за твоего душевного равнодушия к мечтам.",Инцидент,Средняя,Грусть,Обида,Внимание
"Я сегодня осознала, что была неоправданно строга к тебе из-за беспорядка во время твоего кулинарного эксперимента. Главное — твое желание меня порадовать, а грязную посуду мы можем помыть и вместе за пять минут.",Разрешение,Низкая,Социальные,Раскаяние,Быт
"Убирайся прочь из моей жизни, я видела твой профиль на сайте знакомств с фотографиями из нашего отпуска! Ты подлый изменник, который всё это время пользовался моей добротой ради своих грязных интрижек!",Пик,Высокая,Гнев,Злость,Ревность
"Я заметила, что ты стала очень часто задерживаться на каких-то «сменах» и возвращаться с запахом духов. Если у тебя кто-то появился на стороне — имей смелость признаться мне в этом прямо сейчас, не ври!",Инцидент,Высокая,Страх,Напряжение/Нервозность,Внимание
"Я просто хочу, чтобы ты меня сейчас крепко обнял и ничего не спрашивал, мне так плохо и одиноко внутри. Вся эта череда бесконечных конфликтов окончательно лишила меня всех жизненных сил и веры в нашу любовь.",Инцидент,Высокая,Грусть,Горе/Грусть,Личность
"Спасибо, что поддержал меня в моем решении сменить профессию в тридцать лет, несмотря на все страхи общества. Я знала, что ты мой лучший друг, но твоя вера в мои способности придала мне сил начать всё с самого начала.",Разрешение,Средняя,Позитив,Признательность/Радость,Личность
"Да мне плевать на твои пустые обещания больше не играть, ты опять просадил все деньги на мебель! Ты совершенно безответственный человек, для которого азарт важнее стабильности и благополучия собственного дома!",Пик,Высокая,Гнев,Злость,Деньги
"Опять ты оставил грязную чашку на столе, хотя я просила убирать за собой. Это мелочь, но она меня очень раздражает.",Предконфликтная,Низкая,Гнев,Раздражение,Быт
"Почему ты никогда не спрашиваешь, как прошел мой день, пока я сама не начну рассказывать? Мне не хватает твоего внимания и элементарного интереса.",Инцидент,Средняя,Грусть,Обида,Внимание
"Как ты мог потратить деньги, отложенные на аренду, на свои компьютерные игры? Ты ведешь себя крайне безответственно, и я просто в ярости!",Эскалация,Высокая,Гнев,Злость,Деньги
"Уходи из дома прямо сейчас, я больше не хочу тебя видеть после твоего предательства! Твоя ложь разрушила всё, что у нас было!",Пик,Высокая,Гнев,Злость,Ревность
"Прости меня за вчерашний срыв, я действительно перегнул палку с обвинениями. Давай просто спокойно поужинаем и забудем этот глупый спор.",Разрешение,Средняя,Социальные,Раскаяние,Личность
"Твои друзья опять принесли алкоголь в наш дом, хотя я просила этого не делать. Почему ты никогда не уважаешь мои границы и правила нашего жилья?",Предконфликтная,Низкая,Гнев,Неодобрение,Друзья
"Твоя мама снова прислала мне список замечаний по поводу того, как я солю суп. Я чувствую, что в этом доме у меня вообще нет права голоса.",Инцидент,Средняя,Грусть,Обида,Родня
"Мы уже месяц не были близки, и ты постоянно находишь нелепые отговорки, чтобы ко мне не прикасаться. Мне больно чувствовать эту стену между нами.",Эскалация,Средняя,Грусть,Разочарование,Секс
"Я так рада, что мы смогли спокойно обсудить наши планы на будущее без криков и слез. Теперь мне гораздо легче дышать, спасибо тебе за честность.",Разрешение,Средняя,Позитив,Облегчение,Личность
"Ребенок плачет уже полчаса, а ты даже не подошел к нему, уткнувшись в свой ноутбук. Неужели тебе всё равно на его чувства и мои просьбы?",Инцидент,Средняя,Гнев,Раздражение,Дети
"Если ты еще раз возьмешь деньги из нашего накопительного счета без спроса, я подам на развод! Это просто воровство у собственной семьи!",Эскалация,Высокая,Гнев,Злость,Деньги
"Знаешь, я сегодня поняла, что была слишком сурова к тебе из-за беспорядка в гараже. Давай я помогу тебе там прибраться, и мы вместе всё закончим.",Разрешение,Низкая,Социальные,Осознание,Быт
Твои друзья опять хотят остаться у нас на ночь без предупреждения. Почему мои планы на отдых для тебя всегда на последнем месте?,Предконфликтная,Низкая,Гнев,Неодобрение,Друзья
"Ты даже не заметил, что я сменила прическу и купила это платье специально для тебя. Похоже, я стала для тебя просто привычным фоном в квартире.",Инцидент,Средняя,Грусть,Обида,Внимание
"Спасибо, что поддержал моё решение уволиться с той токсичной работы. Твоя вера в мои силы дает мне уверенность в завтрашнем дне.",Разрешение,Средняя,Позитив,Признательность/Радость,Деньги
"Мне страшно находиться с тобой в одной комнате, когда ты начинаешь швырять вещи в ярости. Твоя агрессия пугает меня до дрожи.",Пик,Высокая,Страх,Страх,Личность
"Ты весь вечер молчал и даже не взглянул в мою сторону на празднике у друзей. Такое чувство, что я тебя просто раздражаю своим присутствием.",Инцидент,Средняя,Грусть,Обида,Внимание
"Твой контроль над тем, с кем я переписываюсь в мессенджерах, становится просто удушающим. Я не твоя рабыня, имей хоть каплю уважения к моему пространству!",Эскалация,Средняя,Гнев,Раздражение,Контроль
"Я сегодня окончательно понял, что был не прав, когда запрещал тебе видеться с подругами. Ты свободный человек, и я должен тебе доверять.",Разрешение,Средняя,Социальные,Осознание,Друзья
"Мне кажется, ты уделяешь детям гораздо меньше времени, чем своим соцсетям в телефоне. Они скучают по тебе, даже когда ты сидишь в соседней комнате.",Предконфликтная,Низкая,Грусть,Обида,Дети
"Твои друзья опять оставили в доме дикий бардак, а убирать всё должна я одна после работы. Это просто верх наглости и неуважения к моему покою!",Инцидент,Средняя,Гнев,Неодобрение,Друзья
"Я боюсь, что из-за твоих постоянных долгов мы скоро лишимся крыши над головой. Пожалуйста, начни относиться к финансам серьезно!",Эскалация,Высокая,Страх,Страх,Деньги
"Да заткнись ты уже про свои обиды, я буду делать только то, что считаю нужным! Твой вечный контроль уже у меня в печенках сидит, просто отвали!",Пик,Высокая,Гнев,Злость,Контроль
"Почему ты опять не закрыл тюбик с пастой, ведь я просила об этом каждое утро? Вроде мелочь, но из-за этого начинать день неприятно.",Предконфликтная,Низкая,Гнев,Раздражение,Быт
"Ты весь вечер промолчал на ужине у моих родителей, будто тебя туда притащили силой. Мне было очень стыдно перед ними за твою угрюмость.",Инцидент,Средняя,Грусть,Обида,Родня
"Какого черта ты распорядился моим временем, пообещав своим друзьям помощь? У меня были свои планы на отдых, и я не обязана под всех подстраиваться!",Эскалация,Высокая,Гнев,Злость,Друзья
"Проваливай сейчас же, я видела твою тайную переписку с бывшей женой! Ты подлый лжец, и я больше не верю ни единому твоему слову!",Пик,Высокая,Гнев,Злость,Ревность
"Твоя мама опять звонит, чтобы указать, как мне лучше готовить ужин для тебя. Почему ты не можешь попросить её уважать наше личное пространство?",Предконфликтная,Низкая,Гнев,Неодобрение,Родня
"Хватит кричать на меня при соседях, ты позоришь нас обоих своей неадекватностью! Если тебе есть что сказать — говори дома, а не на улице!",Пик,Высокая,Гнев,Злость,Личность
"Убирайся прочь из моей жизни навсегда, я больше не верю твоим сладким обещаниям! Твое постоянное вранье окончательно разрушило наше семейное счастье.",Пик,Высокая,Гнев,Злость,Личность
"Спасибо, что поддержал мою идею со сменой работы, это было очень важно для меня. Я чувствую твою крепкую опору, и это придает мне сил.",Разрешение,Средняя,Позитив,Признательность/Радость,Личность
"Ты опять поменял пароль на своем планшете, хотя мы договаривались о полной прозрачности. Твоя скрытность заставляет меня постоянно подозревать тебя в плохом.",Предконфликтная,Средняя,Страх,Напряжение/Нервозность,Контроль
"Хватит меня контролировать и спрашивать, с кем я переписываюсь в мессенджерах! Я взрослая женщина и сама решу, кто достоин моего общения, а кто нет!",Эскалация,Средняя,Гнев,Раздражение,Контроль
"Ты опять оставил свои кроссовки в коридоре так, что об них все спотыкаются. Неужели сложно поставить их на полку хотя бы один раз?",Предконфликтная,Низкая,Гнев,Раздражение,Быт
"Ты промолчал весь ужин с моими родителями, уткнувшись в тарелку с недовольным видом. Мне было очень стыдно за твое поведение перед ними.",Инцидент,Средняя,Грусть,Обида,Родня
"Наша интимная жизнь превратилась в скучную обязанность, и ты даже не пытаешься это исправить. Мне страшно, что мы просто становимся сожителями.",Эскалация,Средняя,Страх,Напряжение/Нервозность,Секс
"Да заткнись ты уже про свои долги, я и так пашу на двух работах, чтобы нас вытащить! Если ты такой беспомощный — просто не мешай мне!",Пик,Высокая,Гнев,Злость,Деньги
"Да мне наплевать, что ты там себе думаешь про моих подруг, я буду с ними общаться! Твой контроль меня уже достал, я не твоя собственность!",Пик,Высокая,Гнев,Злость,Контроль
"Хватит попрекать копейкой на обучение ребенка, это вклад в его будущее, а не прихоть! Ты зарабатываешь для семьи, а не для того, чтобы осуществлять власть.",Эскалация,Средняя,Гнев,Раздражение,Деньги
"Почему ты опять забыл про нашу годовщину, хотя я напоминала тебе об этом на прошлой неделе? Твоё равнодушие к важным для меня датам просто разбивает мне сердце.",Предконфликтная,Низкая,Грусть,Обида,Внимание
"Ты весь вечер просидел с кислым лицом у моих друзей, испортив всем настроение. Неужели так сложно хотя бы раз притвориться, что тебе со мной интересно?",Инцидент,Средняя,Гнев,Неодобрение,Друзья
"Хватит попрекать меня тем, что ты больше зарабатываешь и «содержишь» нас всех! Я тоже работаю и занимаюсь домом, мой вклад не менее важен, чем твой денежный!",Эскалация,Средняя,Гнев,Раздражение,Деньги
"Проваливай к своей секретарше, я видела ваш чек из отеля! Ты лживый подонок, и я больше не хочу иметь с тобой ничего общего в этой жизни!",Пик,Высокая,Гнев,Злость,Ревность
"Я сегодня осознала, что была неоправданно сурова к тебе из-за того пустяка с ремонтом. Давай попробуем найти компромисс и не будем больше из-за этого ругаться.",Разрешение,Средняя,Социальные,Эмпатия,Быт
Твои родственники опять приедут к нам на целую неделю без спроса? Почему ты никогда не защищаешь наше право на тишину и личное пространство дома?,Предконфликтная,Низкая,Гнев,Неодобрение,Родня
"Ты стал совсем мало времени проводить с сыном, он по тебе очень скучает. Мне больно видеть, как ты откупаешься от него подарками вместо живого общения.",Инцидент,Средняя,Грусть,Разочарование,Дети
"Я чувствую, как мы отдаляемся всё больше из-за твоего вечного контроля над моими соцсетями. Это не забота, это настоящая тюрьма, и я в ней задыхаюсь!",Эскалация,Средняя,Гнев,Раздражение,Контроль
"Уходи, я больше не верю ни единому твоему обещанию измениться! Ты растоптал мою любовь своим враньем, и прощения тебе больше не будет никогда!",Пик,Высокая,Гнев,Злость,Личность
"Спасибо, что починил мне машину и даже заправил полный бак сегодня утром. Я вижу твою заботу в таких мелочах, это делает меня по-настоящему счастливой.",Разрешение,Средняя,Позитив,Признательность/Радость,Быт
"Почему ты опять не помыл миску за котом, хотя это твоя единственная обязанность? Вся кухня пропахла этим кормом, и мне приходится убирать это после работы.",Предконфликтная,Низкая,Гнев,Раздражение,Быт
"Ты весь вечер промолчал во время обсуждения нашего бюджета, будто тебя это не касается. Твоё равнодушие к нашим общим финансовым проблемам меня очень обижает.",Инцидент,Средняя,Грусть,Обида,Деньги
"Твои постоянные поучения, как мне одеваться и краситься, просто выводят меня из себя! Я не твоя кукла, а взрослая женщина со своим собственным вкусом!",Эскалация,Средняя,Гнев,Раздражение,Контроль
"Как же я рада, что мы смогли наконец-то найти в себе силы простить друг друга сегодня. Я очень дорожу тобой и нашей любовью, спасибо, что ты всё еще со мной.",Разрешение,Высокая,Позитив,Любовь,Личность
"Да мне наплевать на твои упреки, я буду делать только то, что считаю нужным в жизни! Твой вечный контроль меня уже достал, просто оставь меня наконец в покое!",Пик,Высокая,Гнев,Злость,Контроль
"Почему ты опять забыл купить хлеб, хотя я напоминала тебе об этом трижды в сообщениях? Твоя рассеянность в бытовых мелочах меня просто выводит из душевного равновесия.",Предконфликтная,Низкая,Гнев,Раздражение,Быт
"Ты пообещал сходить в кино и опять заснул перед телевизором, проигнорировав все мои просьбы. Мои желания для тебя явно стоят на самом последнем месте после работы.",Инцидент,Средняя,Грусть,Обида,Внимание
"Ты стал очень скрытным в последнее время и вздрагиваешь каждый раз, когда я подхожу к телефону. Это поведение человека, который ведет тайную игру на стороне и боится.",Инцидент,Высокая,Страх,Страх,Ревность
"Твои друзья опять устроили шумную посиделку, хотя я просила сегодня о покое из-за мигрени. Почему ты никогда не ставишь моё здоровье выше желаний своей вечно шумящей компании?",Предконфликтная,Средняя,Гнев,Неодобрение,Друзья
"Я заметила, что ты стала ставить сложные пароли на все мессенджеры в телефоне и вздрагивать каждый раз у телефона. Это типичное поведение мужчины, который ведет тайную переписку на стороне и панически боится разоблачения партнершей.",Инцидент,Высокая,Страх,Страх,Ревность
"Хватит орать на меня из-за того, что я купила новую одежду ребенку без твоего предварительного согласия сегодня! Это предметы первой необходимости для его роста, а не роскошь, я имею полное право решать это самостоятельно как мать!",Эскалация,Средняя,Гнев,Раздражение,Деньги
"Я просто хочу, чтобы меня никто не трогал хотя бы до завтрашнего утра, у меня нет сил на бесконечные разборки кто прав. Вся эта ситуация с нашими постоянными конфликтами вымотала меня морально до самого самого дна.",Предконфликтная,Низкая,Нейтральные,Нейтральность,Личность
"Как же я рада, что мы наконец-то смогли сесть за стол и спокойно обсудить все обиды, что копились в нас годами. Ты самый близкий и дорогой мне человек на этой планете, я очень сильно боюсь потерять нашу связь из-за каких-то глупостей.",Разрешение,Высокая,Позитив,Любовь,Личность
"Почему ты никогда не даришь мне комплименты без повода, я должна выпрашивать каждое ласковое слово годами. Мне очень больно осознавать, что вся прошлая романтика в отношениях окончательно испарилась из-за твоего равнодушия.",Инцидент,Средняя,Грусть,Обида,Внимание
"Я заметил, что ты стала очень скрытной и вздрагиваешь каждый раз, когда я вхожу в комнату со смартфоном в руках. Это типичное поведение человека, который ведет тайную игру на стороне и панически боится разоблачения своим партнером.",Инцидент,Высокая,Страх,Страх,Ревность
"Хватит орать на меня из-за того, что я пришла домой на час позже из-за огромных пробок в нашем городе сегодня! Я не в колонии строгого режима и не обязана отчитываться за каждую свою минуту отсутствия перед твоим вечным судом и допросом.",Эскалация,Средняя,Гнев,Раздражение,Контроль
"Почему ты обсуждаешь наши интимные проблемы со своими подругами за чашкой кофе днем в кафе? То, что происходит в нашей спальне за закрытой дверью, должно оставаться только между нами двумя в строгом секрете.",Инцидент,Средняя,Гнев,Обида,Секс
"Я увидела в твоем кармане вчера чек из магазина женского белья, но у меня нет никаких обновок к нашему празднику. У меня внутри всё похолодело — для кого этот дорогой подарок был куплен втайне, если не для меня, твоей законной жены?",Инцидент,Высокая,Страх,Страх,Ревность
"Опять ты не помыл за собой сковородку, и к утру она превратилась в настоящий арт-объект, который невозможно отмыть без усилий. Мне кажется, я прошу об элементарных вещах в быту, но они игнорируются тобой систематически и демонстративно нагло.",Предконфликтная,Низкая,Гнев,Раздражение,Быт
"Ты обещал, что мы проведем этот вечер только вдвоем за обсуждением отпуска, а в итоге опять завис в своей онлайн-игре допоздна. Мои слова и наши общие планы для тебя явно стоят гораздо ниже, чем твой рейтинг в виртуальном мире среди незнакомцев.",Инцидент,Средняя,Грусть,Обида,Внимание
"Какого черта ты опять без спроса взяла мою кредитку и потратила лимит на какие-то дорогие косметические процедуры?! У нас был четкий план расходов на месяц, и ты его просто разрушила одним своим импульсивным и эгоистичным желанием сегодня!",Эскалация,Высокая,Гнев,Неодобрение,Деньги
"Я сегодня понял, что был неправ, когда критиковал твое стремление пойти на курсы вождения и называл тебя неспособной к этому. Ты отлично справилась с первыми практическими занятиями, и я вижу, как для тебя это важно — быть мобильной и независимой.",Разрешение,Низкая,Позитив,Одобрение,Личность
"Твои друзья опять устроили шумную посиделку, хотя я просил тебя сегодня о полной тишине из-за подготовки к важному экзамену завтра. Почему ты никогда не считаешься с моими этапами в жизни и ставишь комфорт приятелей выше моих личных целей в этом доме?",Предконфликтная,Средняя,Гнев,Неодобрение,Друзья
"Хватит попрекать каждой копейкой на обучение нашего общего ребенка, это вклад в его будущее, а не моя личная прихоть! Ты зарабатываешь деньги для благополучия всей нашей семьи, а не для того, чтобы осуществлять финансовую власть надо мной.",Эскалация,Средняя,Гнев,Раздражение,Деньги
"Почему ты никогда не даришь мне подарки просто так, я должна сама себе всё покупать или напоминать тебе о каждом празднике заранее. Мне очень больно осознавать, что вся романтика в наших отношениях окончательно испарилась из-за твоего равнодушия.",Инцидент,Средняя,Грусть,Обида,Внимание
"Я заметил, что ты стала очень скрытной и вздрагиваешь каждый раз, когда я просто случайно нахожусь рядом с твоим смартфоном в комнате. Это поведение человека, который ведет какую-то тайную игру на стороне и панически боится, что все секреты скоро выплывут наружу.",Инцидент,Высокая,Страх,Страх,Ревность
"Я просто хочу, чтобы ты меня крепко обнял сегодня и ничего не спрашивал, мне страшно потерять остатки нашей былой любви. Все эти крики и упреки кажутся такими ничтожными перед реальной угрозой нашего окончательного и болезненного расставания.",Инцидент,Высокая,Страх,Напряжение/Нервозность,Личность
"Почему ты опять не помыла за собой чашку после кофе, и она присохла к столу намертво? Неужели так трудно потратить одну минуту на чистоту в нашем общем доме?",Предконфликтная,Низкая,Гнев,Раздражение,Быт
"Ты пообещал сходить со мной в парк и опять заснул перед телевизором, проигнорировав мои просьбы. Мои желания для тебя явно совсем не важны по сравнению с твоим отдыхом.",Инцидент,Средняя,Грусть,Обида,Внимание
"Пошел вон, я видела твою переписку с «просто знакомой» в три часа ночи сегодня! Ты лживый подонок, и я больше не верю ни единому твоему слову оправдания!",Пик,Высокая,Гнев,Злость,Ревность
"Я сегодня поняла, что была неоправданно строга к тебе из-за того вчерашнего беспорядка. Главное — это твое желание мне порадовать, а посуду мы можем помыть и вместе.",Разрешение,Низкая,Социальные,Осознание,Быт
"Твои бесконечные поучения, как мне общаться с моими собственными родителями, просто выводят меня из душевного равновесия на каждом шагу! Я сама прекрасно разберусь в своих семейных связях без твоих ценных советов и твоего вмешательства!",Эскалация,Средняя,Гнев,Раздражение,Родня
"Опять ты оставил грязную сковородку на плите, хотя я просила помыть её сразу после обеда. Мне кажется, я говорю в пустоту, когда прошу о минимальном порядке.",Предконфликтная,Низкая,Гнев,Раздражение,Быт
